CREATE DATABASE  IF NOT EXISTS `housinggame` /*!40100 DEFAULT CHARACTER SET utf8mb4 COLLATE utf8mb4_general_ci */;
USE `housinggame`;
-- MariaDB dump 10.18  Distrib 10.5.8-MariaDB, for Win64 (AMD64)
--
-- Host: 127.0.0.1    Database: housinggame
-- ------------------------------------------------------
-- Server version	10.11.5-MariaDB

/*!40101 SET @OLD_CHARACTER_SET_CLIENT=@@CHARACTER_SET_CLIENT */;
/*!40101 SET @OLD_CHARACTER_SET_RESULTS=@@CHARACTER_SET_RESULTS */;
/*!40101 SET @OLD_COLLATION_CONNECTION=@@COLLATION_CONNECTION */;
/*!40101 SET NAMES utf8 */;
/*!40103 SET @OLD_TIME_ZONE=@@TIME_ZONE */;
/*!40103 SET TIME_ZONE='+00:00' */;
/*!40014 SET @OLD_UNIQUE_CHECKS=@@UNIQUE_CHECKS, UNIQUE_CHECKS=0 */;
/*!40014 SET @OLD_FOREIGN_KEY_CHECKS=@@FOREIGN_KEY_CHECKS, FOREIGN_KEY_CHECKS=0 */;
/*!40101 SET @OLD_SQL_MODE=@@SQL_MODE, SQL_MODE='NO_AUTO_VALUE_ON_ZERO' */;
/*!40111 SET @OLD_SQL_NOTES=@@SQL_NOTES, SQL_NOTES=0 */;

--
-- Table structure for table `community`
--

DROP TABLE IF EXISTS `community`;
/*!40101 SET @saved_cs_client     = @@character_set_client */;
/*!40101 SET character_set_client = utf8 */;
CREATE TABLE `community` (
  `id` int(10) unsigned NOT NULL AUTO_INCREMENT,
  `name` varchar(255) NOT NULL,
  `capacity` int(11) NOT NULL,
  `fluvial_protection` int(10) unsigned NOT NULL,
  `pluvial_protection` int(10) unsigned NOT NULL,
  `gameversion_id` int(10) unsigned NOT NULL,
  PRIMARY KEY (`id`),
  UNIQUE KEY `id_UNIQUE` (`id`),
  KEY `fk_community_gameversion1_idx` (`gameversion_id`),
  CONSTRAINT `fk_community_gameversion1` FOREIGN KEY (`gameversion_id`) REFERENCES `gameversion` (`id`) ON DELETE NO ACTION ON UPDATE NO ACTION
) ENGINE=InnoDB AUTO_INCREMENT=22 DEFAULT CHARSET=utf8mb4 COLLATE=utf8mb4_general_ci;
/*!40101 SET character_set_client = @saved_cs_client */;

--
-- Dumping data for table `community`
--

LOCK TABLES `community` WRITE;
/*!40000 ALTER TABLE `community` DISABLE KEYS */;
INSERT INTO `community` VALUES (7,'Natucity',7,10,8,3),(8,'Dyktown',10,10,6,3),(9,'Unbesvillage',10,7,8,3),(13,'Natucity',7,10,8,5),(14,'Dyktown',10,10,6,5),(15,'Unbesvillage',10,7,8,5),(16,'Natucity',7,10,8,7),(17,'Dyktown',10,10,6,7),(18,'Unbesvillage',10,7,8,7),(19,'Natucity',7,10,8,8),(20,'Dyktown',10,10,6,8),(21,'Unbesvillage',10,7,8,8);
/*!40000 ALTER TABLE `community` ENABLE KEYS */;
UNLOCK TABLES;

--
-- Table structure for table `gamesession`
--

DROP TABLE IF EXISTS `gamesession`;
/*!40101 SET @saved_cs_client     = @@character_set_client */;
/*!40101 SET character_set_client = utf8 */;
CREATE TABLE `gamesession` (
  `id` int(10) unsigned NOT NULL AUTO_INCREMENT,
  `name` varchar(32) NOT NULL,
  `password` varchar(32) NOT NULL,
  `location` varchar(255) DEFAULT NULL,
  `create_time` timestamp NULL DEFAULT current_timestamp(),
  `date` date DEFAULT NULL,
  `start_time` datetime DEFAULT NULL,
  `end_time` datetime DEFAULT NULL,
  `gameversion_id` int(10) unsigned NOT NULL,
  `description` text DEFAULT NULL,
  PRIMARY KEY (`id`),
  UNIQUE KEY `Id_UNIQUE` (`id`),
  UNIQUE KEY `name_UNIQUE` (`name`),
  KEY `fk_gamesession_gameversion1_idx` (`gameversion_id`),
  CONSTRAINT `fk_gamesession_gameversion1` FOREIGN KEY (`gameversion_id`) REFERENCES `gameversion` (`id`) ON DELETE NO ACTION ON UPDATE NO ACTION
) ENGINE=InnoDB AUTO_INCREMENT=14 DEFAULT CHARSET=utf8mb4 COLLATE=utf8mb4_general_ci;
/*!40101 SET character_set_client = @saved_cs_client */;

--
-- Dumping data for table `gamesession`
--

LOCK TABLES `gamesession` WRITE;
/*!40000 ALTER TABLE `gamesession` DISABLE KEYS */;
INSERT INTO `gamesession` VALUES (5,'Ommen23 Morning','ommen','Ommen EPA','2023-10-07 09:45:47','2023-09-26','2023-09-26 09:00:00','2024-02-15 12:00:00',3,NULL),(6,'Ommen23 Afternoon','ommen','Ommen EPA','2023-10-07 21:39:23','2023-09-26','2023-11-10 09:00:00',NULL,3,NULL),(7,'Test','test','Virtual','2023-11-23 18:04:27','2023-11-24',NULL,NULL,3,NULL),(8,'Utrecht 24-11-2023','utrecht','Utrecht','2023-11-23 18:05:23','2023-11-24',NULL,NULL,3,NULL),(10,'IHE-24-04-04','IHE-Delft',NULL,'2024-04-04 09:01:20',NULL,NULL,NULL,3,NULL),(12,'civWAT-110424','civwat',NULL,'2024-04-08 08:43:05',NULL,NULL,NULL,7,NULL),(13,'Test 2024-09','ommen#','On line test','2024-09-17 13:45:06','2024-09-17','2024-09-17 00:00:00',NULL,8,'Test session 2024-09');
/*!40000 ALTER TABLE `gamesession` ENABLE KEYS */;
UNLOCK TABLES;

--
-- Table structure for table `gameversion`
--

DROP TABLE IF EXISTS `gameversion`;
/*!40101 SET @saved_cs_client     = @@character_set_client */;
/*!40101 SET character_set_client = utf8 */;
CREATE TABLE `gameversion` (
  `id` int(10) unsigned NOT NULL AUTO_INCREMENT,
  `name` varchar(255) NOT NULL,
  `languagegroup_id` int(10) unsigned NOT NULL,
  `description` text DEFAULT NULL,
  PRIMARY KEY (`id`),
  UNIQUE KEY `id_UNIQUE` (`id`),
  UNIQUE KEY `name_UNIQUE` (`name`),
  KEY `fk_gameversion_languagegroup1_idx` (`languagegroup_id`),
  CONSTRAINT `fk_gameversion_languagegroup1` FOREIGN KEY (`languagegroup_id`) REFERENCES `languagegroup` (`id`) ON DELETE NO ACTION ON UPDATE NO ACTION
) ENGINE=InnoDB AUTO_INCREMENT=9 DEFAULT CHARSET=utf8mb4 COLLATE=utf8mb4_general_ci;
/*!40101 SET character_set_client = @saved_cs_client */;

--
-- Dumping data for table `gameversion`
--

LOCK TABLES `gameversion` WRITE;
/*!40000 ALTER TABLE `gameversion` DISABLE KEYS */;
INSERT INTO `gameversion` VALUES (3,'Game Version 2023-09 English',1,NULL),(5,'Game Versie 2023-11 Nederlands',1,NULL),(7,'Game Version 2024-04 English',1,NULL),(8,'Game Version 2024-09 Test',1,'Test for new game version 2024/09');
/*!40000 ALTER TABLE `gameversion` ENABLE KEYS */;
UNLOCK TABLES;

--
-- Table structure for table `group`
--

DROP TABLE IF EXISTS `group`;
/*!40101 SET @saved_cs_client     = @@character_set_client */;
/*!40101 SET character_set_client = utf8 */;
CREATE TABLE `group` (
  `id` int(10) unsigned NOT NULL AUTO_INCREMENT,
  `name` varchar(32) NOT NULL,
  `password` varchar(32) NOT NULL,
  `gamesession_id` int(10) unsigned NOT NULL,
  `scenario_id` int(10) unsigned NOT NULL,
  `facilitator_id` int(10) unsigned DEFAULT NULL,
  PRIMARY KEY (`id`),
  UNIQUE KEY `Id_UNIQUE` (`id`),
  UNIQUE KEY `name_UNIQUE` (`gamesession_id`,`name`),
  UNIQUE KEY `facilitator_UNIQUE` (`gamesession_id`,`facilitator_id`),
  KEY `fk_group_gamesession1_idx` (`gamesession_id`),
  KEY `fk_group_scenario1_idx` (`scenario_id`),
  KEY `fk_group_user1_idx` (`facilitator_id`),
  CONSTRAINT `fk_group_gamesession1` FOREIGN KEY (`gamesession_id`) REFERENCES `gamesession` (`id`) ON DELETE NO ACTION ON UPDATE NO ACTION,
  CONSTRAINT `fk_group_scenario1` FOREIGN KEY (`scenario_id`) REFERENCES `scenario` (`id`) ON DELETE NO ACTION ON UPDATE NO ACTION,
  CONSTRAINT `fk_group_user1` FOREIGN KEY (`facilitator_id`) REFERENCES `user` (`id`) ON DELETE NO ACTION ON UPDATE NO ACTION
) ENGINE=InnoDB AUTO_INCREMENT=68 DEFAULT CHARSET=utf8mb4 COLLATE=utf8mb4_general_ci;
/*!40101 SET character_set_client = @saved_cs_client */;

--
-- Dumping data for table `group`
--

LOCK TABLES `group` WRITE;
/*!40000 ALTER TABLE `group` DISABLE KEYS */;
INSERT INTO `group` VALUES (27,'Table1','ommen',5,3,7),(28,'Table2','ommen',5,3,8),(29,'Table3','ommen',5,3,9),(30,'Table4','ommen',5,4,10),(31,'Table5','ommen',5,4,11),(32,'Table6','ommen',5,4,13),(33,'Table1','ommen',6,3,7),(34,'Table2','ommen',6,3,8),(35,'Table3','ommen',6,3,9),(36,'Table4','ommen',6,4,10),(37,'Table5','ommen',6,4,11),(38,'Table6','ommen',6,4,13),(39,'Table1','test',7,4,7),(40,'Table2','test',7,4,8),(41,'Table3','test',7,4,9),(42,'Table4','test',7,4,10),(43,'Table5','test',7,4,11),(44,'Table6','test',7,4,13),(45,'Table1','382',8,4,NULL),(46,'Table2','893',8,4,NULL),(47,'Table3','810',8,4,NULL),(50,'Table1','IHE-Delft',10,3,7),(51,'Table2','IHE-Delft',10,3,8),(52,'Table3','IHE-Delft',10,3,9),(53,'Table4','IHE-Delft',10,3,10),(54,'Table5','IHE-Delft',10,3,11),(55,'Table6','IHE-Delft',10,3,13),(56,'Table1','civwat',12,13,7),(57,'Table2','civwat',12,13,8),(58,'Table3','civwat',12,13,9),(59,'Table4','civwat',12,13,10),(60,'Table5','civwat',12,13,11),(61,'Table6','civwat',12,13,13),(62,'Table1','ommen',13,15,7),(63,'Table2','ommen',13,15,8),(64,'Table3','ommen',13,15,9),(65,'Table4','ommen',13,15,10),(66,'Table5','ommen',13,15,11),(67,'Table6','ommen',13,15,13);
/*!40000 ALTER TABLE `group` ENABLE KEYS */;
UNLOCK TABLES;

--
-- Table structure for table `groupround`
--

DROP TABLE IF EXISTS `groupround`;
/*!40101 SET @saved_cs_client     = @@character_set_client */;
/*!40101 SET character_set_client = utf8 */;
CREATE TABLE `groupround` (
  `id` int(10) unsigned NOT NULL AUTO_INCREMENT,
  `timestamp` timestamp NOT NULL DEFAULT current_timestamp(),
  `pluvial_flood_intensity` int(11) DEFAULT NULL,
  `fluvial_flood_intensity` int(11) DEFAULT NULL,
  `group_state` varchar(24) NOT NULL DEFAULT 'LOGIN',
  `round_number` int(10) unsigned NOT NULL,
  `group_id` int(10) unsigned NOT NULL,
  PRIMARY KEY (`id`),
  UNIQUE KEY `id_UNIQUE` (`id`),
  UNIQUE KEY `round_UNIQUE` (`group_id`,`round_number`),
  KEY `fk_groupround_group1_idx` (`group_id`),
  CONSTRAINT `fk_groupround_group1` FOREIGN KEY (`group_id`) REFERENCES `group` (`id`) ON DELETE NO ACTION ON UPDATE NO ACTION
) ENGINE=InnoDB AUTO_INCREMENT=161 DEFAULT CHARSET=utf8mb4 COLLATE=utf8mb4_general_ci;
/*!40101 SET character_set_client = @saved_cs_client */;

--
-- Dumping data for table `groupround`
--

LOCK TABLES `groupround` WRITE;
/*!40000 ALTER TABLE `groupround` DISABLE KEYS */;
INSERT INTO `groupround` VALUES (13,'2023-12-14 10:50:26',0,0,'LOGIN',0,34),(14,'2023-12-14 10:55:14',NULL,NULL,'SHOW_SUMMARY',1,34),(15,'2023-12-17 11:56:06',0,0,'LOGIN',0,35),(18,'2023-12-19 17:31:06',0,0,'LOGIN',0,37),(19,'2023-12-20 20:15:16',NULL,NULL,'ALLOW_IMPROVEMENTS',1,35),(21,'2023-12-21 10:31:52',NULL,NULL,'SHOW_SURVEY',1,37),(22,'2023-12-23 23:41:20',0,0,'LOGIN',0,38),(23,'2023-12-23 23:41:44',8,10,'SHOW_SUMMARY',1,38),(25,'2024-01-06 16:24:09',8,10,'SHOW_SUMMARY',2,38),(26,'2024-01-08 00:39:15',0,0,'LOGIN',0,36),(27,'2024-01-08 00:41:39',NULL,NULL,'SHOW_SURVEY',1,36),(28,'2024-01-13 10:55:07',NULL,NULL,'NEW_ROUND',3,38),(29,'2024-01-29 16:07:47',0,0,'LOGIN',0,27),(30,'2024-01-29 16:08:26',9,7,'SHOW_SUMMARY',1,27),(31,'2024-01-29 16:27:30',9,7,'SHOW_SUMMARY',2,27),(32,'2024-01-29 16:39:53',NULL,NULL,'NEW_ROUND',3,27),(33,'2024-01-31 09:24:19',0,0,'LOGIN',0,28),(34,'2024-01-31 09:25:35',10,3,'SHOW_SUMMARY',1,28),(35,'2024-01-31 09:35:20',NULL,NULL,'SURVEY_COMPLETED',2,28),(36,'2024-02-09 05:22:13',NULL,NULL,'ANNOUNCE_NEWS',4,27),(37,'2024-02-12 02:40:41',0,0,'LOGIN',0,29),(38,'2024-02-12 02:41:08',10,12,'SHOW_SUMMARY',1,29),(42,'2024-02-19 08:28:14',0,0,'LOGIN',0,33),(43,'2024-02-19 08:29:22',7,11,'SHOW_SUMMARY',1,33),(44,'2024-02-19 08:48:57',10,10,'SHOW_SUMMARY',2,33),(45,'2024-03-26 11:31:05',NULL,NULL,'SHOW_HOUSES_SELL',3,33),(56,'2024-04-04 09:04:21',0,0,'LOGIN',0,50),(57,'2024-04-04 11:38:32',0,0,'LOGIN',0,51),(58,'2024-04-04 12:19:35',10,10,'SHOW_SUMMARY',1,50),(59,'2024-04-04 12:21:04',6,5,'SHOW_SUMMARY',1,51),(60,'2024-04-04 12:56:36',6,9,'SHOW_SUMMARY',2,50),(61,'2024-04-04 12:58:39',8,5,'SHOW_SUMMARY',2,51),(62,'2024-04-04 13:13:39',7,7,'SHOW_SUMMARY',3,50),(63,'2024-04-04 13:24:17',9,5,'SHOW_SUMMARY',3,51),(64,'2024-04-04 13:34:57',6,6,'SURVEY_COMPLETED',4,51),(65,'2024-04-04 13:44:09',4,9,'SHOW_SUMMARY',4,50),(90,'2024-04-06 13:08:38',0,0,'LOGIN',0,40),(91,'2024-04-07 05:14:51',0,0,'LOGIN',0,43),(92,'2024-04-07 05:16:14',NULL,NULL,'SHOW_TAXES',1,43),(93,'2024-04-07 13:26:54',10,10,'SHOW_SUMMARY',1,40),(94,'2024-04-08 09:26:39',0,0,'LOGIN',0,41),(95,'2024-04-08 09:30:43',6,5,'SHOW_SUMMARY',1,41),(96,'2024-04-08 10:10:56',4,10,'SHOW_SUMMARY',2,41),(97,'2024-04-08 10:27:25',4,10,'SHOW_SUMMARY',3,41),(98,'2024-04-08 10:58:16',4,3,'SHOW_SUMMARY',4,41),(107,'2024-04-10 18:51:23',0,0,'LOGIN',0,58),(108,'2024-04-10 18:54:34',0,0,'LOGIN',0,61),(112,'2024-04-11 08:47:37',0,0,'LOGIN',0,60),(113,'2024-04-11 08:54:56',0,0,'LOGIN',0,59),(114,'2024-04-11 08:55:13',0,0,'LOGIN',0,56),(115,'2024-04-11 08:56:00',7,9,'SHOW_SUMMARY',1,58),(116,'2024-04-11 08:57:09',9,7,'SHOW_SUMMARY',1,61),(118,'2024-04-11 08:59:42',7,7,'SHOW_SUMMARY',1,60),(119,'2024-04-11 09:00:00',5,10,'SHOW_SUMMARY',1,56),(120,'2024-04-11 09:03:42',6,7,'SHOW_SUMMARY',1,59),(121,'2024-04-11 09:14:41',1,11,'SHOW_SUMMARY',2,61),(122,'2024-04-11 09:19:05',8,10,'SHOW_SUMMARY',2,58),(123,'2024-04-11 09:25:27',5,9,'SHOW_SUMMARY',2,59),(124,'2024-04-11 09:27:35',3,4,'SHOW_SUMMARY',3,61),(125,'2024-04-11 09:28:01',3,3,'SHOW_SUMMARY',2,60),(127,'2024-04-11 09:32:48',2,2,'SHOW_SUMMARY',2,56),(129,'2024-04-11 09:39:09',7,9,'SHOW_SUMMARY',3,58),(130,'2024-04-11 09:40:21',2,8,'SHOW_SUMMARY',3,59),(131,'2024-04-11 09:42:40',3,7,'SHOW_SUMMARY',4,61),(132,'2024-04-11 09:43:58',0,0,'LOGIN',0,57),(133,'2024-04-11 09:45:09',8,5,'SHOW_SUMMARY',1,57),(134,'2024-04-11 09:48:50',10,5,'SHOW_SUMMARY',3,60),(135,'2024-04-11 09:49:28',6,9,'SHOW_SUMMARY',4,59),(136,'2024-04-11 09:52:43',2,7,'SHOW_SUMMARY',3,56),(137,'2024-04-11 09:55:32',7,7,'SHOW_SUMMARY',4,58),(138,'2024-04-11 09:57:50',7,12,'SHOW_SUMMARY',4,60),(139,'2024-04-11 09:58:03',7,7,'SHOW_SUMMARY',2,57),(140,'2024-04-11 10:02:05',10,10,'SHOW_SUMMARY',4,56),(141,'2024-04-11 10:04:44',3,7,'SHOW_SUMMARY',3,57),(159,'2024-09-14 02:04:36',0,0,'LOGIN',0,39),(160,'2024-09-14 02:58:19',NULL,NULL,'ALLOW_IMPROVEMENTS',1,39);
/*!40000 ALTER TABLE `groupround` ENABLE KEYS */;
UNLOCK TABLES;

--
-- Table structure for table `groupstate`
--

DROP TABLE IF EXISTS `groupstate`;
/*!40101 SET @saved_cs_client     = @@character_set_client */;
/*!40101 SET character_set_client = utf8 */;
CREATE TABLE `groupstate` (
  `id` int(10) unsigned NOT NULL AUTO_INCREMENT,
  `groupround_id` int(10) unsigned NOT NULL,
  `timestamp` timestamp NOT NULL DEFAULT current_timestamp(),
  `group_state` varchar(24) NOT NULL,
  `content` text DEFAULT NULL,
  PRIMARY KEY (`id`),
  UNIQUE KEY `id_UNIQUE` (`id`),
  KEY `fk_groupstate_groupround1_idx` (`groupround_id`),
  CONSTRAINT `fk_groupstate_groupround1` FOREIGN KEY (`groupround_id`) REFERENCES `groupround` (`id`) ON DELETE NO ACTION ON UPDATE NO ACTION
) ENGINE=InnoDB DEFAULT CHARSET=utf8mb4 COLLATE=utf8mb4_general_ci;
/*!40101 SET character_set_client = @saved_cs_client */;

--
-- Dumping data for table `groupstate`
--

LOCK TABLES `groupstate` WRITE;
/*!40000 ALTER TABLE `groupstate` DISABLE KEYS */;
/*!40000 ALTER TABLE `groupstate` ENABLE KEYS */;
UNLOCK TABLES;

--
-- Table structure for table `house`
--

DROP TABLE IF EXISTS `house`;
/*!40101 SET @saved_cs_client     = @@character_set_client */;
/*!40101 SET character_set_client = utf8 */;
CREATE TABLE `house` (
  `id` int(10) unsigned NOT NULL AUTO_INCREMENT,
  `price` int(10) unsigned NOT NULL,
  `code` varchar(45) NOT NULL,
  `available_round` int(10) unsigned NOT NULL DEFAULT 1,
  `address` varchar(255) NOT NULL,
  `rating` int(10) unsigned NOT NULL,
  `initial_pluvial_protection` int(10) unsigned NOT NULL,
  `initial_fluvial_protection` int(10) unsigned NOT NULL,
  `community_id` int(10) unsigned NOT NULL,
  PRIMARY KEY (`id`),
  UNIQUE KEY `id_UNIQUE` (`id`),
  KEY `fk_house_community1_idx` (`community_id`),
  CONSTRAINT `fk_house_community1` FOREIGN KEY (`community_id`) REFERENCES `community` (`id`) ON DELETE NO ACTION ON UPDATE NO ACTION
) ENGINE=InnoDB AUTO_INCREMENT=164 DEFAULT CHARSET=utf8mb4 COLLATE=utf8mb4_general_ci;
/*!40101 SET character_set_client = @saved_cs_client */;

--
-- Dumping data for table `house`
--

LOCK TABLES `house` WRITE;
/*!40000 ALTER TABLE `house` DISABLE KEYS */;
INSERT INTO `house` VALUES (29,425000,'N01',1,'Stickroad 17',9,0,0,7),(30,200000,'N02',5,'Twiglane 7\r\n',6,1,1,7),(31,425000,'N03',4,'Stickroad 21\r\n\r\n',9,1,1,7),(32,200000,'N04',1,'Twiglane 8\r\n',6,0,0,7),(33,200000,'N05',2,'Twiglane 5\r\n\r\n\r\n',6,0,0,7),(34,100000,'N06',3,'Leafstreet 28\r\n\r\n',3,1,1,7),(35,100000,'N07',1,'Leafstreet 26\r\n',3,0,0,7),(36,300000,'D01',1,'Stonelane 13\r\n',8,0,0,8),(37,300000,'D02',2,'Stonelane 11\r\n\r\n',8,0,0,8),(38,300000,'D03',3,'Stonelane 15\r\n\r\n',8,0,0,8),(39,160000,'D04',1,'Steelstreet 22\r\n',5,0,0,8),(40,160000,'D05',1,'Steelstreet 20\r\n',5,0,0,8),(41,160000,'D06',3,'Steelstreet 25\r\n\r\n',5,1,0,8),(42,160000,'D07',4,'Steelstreet 23\r\n\r\n',5,1,2,8),(43,80000,'D08',4,'Brickroad 8\r\n\r\n',2,1,2,8),(44,80000,'D09',2,'Brickroad 4\r\n\r\n',2,0,0,8),(45,80000,'D10',1,'Brickroad 6\r\n',2,0,0,8),(46,200000,'U01',1,'Woolstreet 33\r\n',6,0,0,9),(47,200000,'U02',3,'Woolstreet 37\r\n\r\n',6,0,1,9),(48,200000,'U03',4,'Woolstreet 35\r\n\r\n',6,1,1,9),(49,125000,'U04',1,'Grassroad 54\r\n',4,0,0,9),(50,125000,'U05',2,'Grassroad 52\r\n\r\n',4,0,0,9),(51,125000,'U06',3,'Grassroad 51\r\n\r\n',4,1,1,9),(52,125000,'U07',5,'Grassroad 53\r\n\r\n',4,1,2,9),(53,70000,'U08',4,'Twiglane 46\r\n\r\n',2,1,2,9),(54,70000,'U09',2,'Twiglane 44\r\n\r\n',2,0,0,9),(55,70000,'U10',1,'Twiglane 48\r\n',2,0,0,9),(83,425000,'N01',1,'Stickroad 17',9,0,0,13),(84,200000,'N02',5,'Twiglane 7\r\n',6,1,1,13),(85,425000,'N03',4,'Stickroad 21\r\n\r\n',9,1,1,13),(86,200000,'N04',1,'Twiglane 8\r\n',6,0,0,13),(87,200000,'N05',2,'Twiglane 5\r\n\r\n\r\n',6,0,0,13),(88,100000,'N06',3,'Leafstreet 28\r\n\r\n',3,1,1,13),(89,100000,'N07',1,'Leafstreet 26\r\n',3,0,0,13),(90,300000,'D01',1,'Stonelane 13\r\n',8,0,0,14),(91,300000,'D02',2,'Stonelane 11\r\n\r\n',8,0,0,14),(92,300000,'D03',3,'Stonelane 15\r\n\r\n',8,0,0,14),(93,160000,'D04',1,'Steelstreet 22\r\n',5,0,0,14),(94,160000,'D05',1,'Steelstreet 20\r\n',5,0,0,14),(95,160000,'D06',3,'Steelstreet 25\r\n\r\n',5,1,0,14),(96,160000,'D07',4,'Steelstreet 23\r\n\r\n',5,1,2,14),(97,80000,'D08',4,'Brickroad 8\r\n\r\n',2,1,2,14),(98,80000,'D09',2,'Brickroad 4\r\n\r\n',2,0,0,14),(99,80000,'D10',1,'Brickroad 6\r\n',2,0,0,14),(100,200000,'U01',1,'Woolstreet 33\r\n',6,0,0,15),(101,200000,'U02',3,'Woolstreet 37\r\n\r\n',6,0,1,15),(102,200000,'U03',4,'Woolstreet 35\r\n\r\n',6,1,1,15),(103,125000,'U04',1,'Grassroad 54\r\n',4,0,0,15),(104,125000,'U05',2,'Grassroad 52\r\n\r\n',4,0,0,15),(105,125000,'U06',3,'Grassroad 51\r\n\r\n',4,1,1,15),(106,125000,'U07',5,'Grassroad 53\r\n\r\n',4,1,2,15),(107,70000,'U08',4,'Twiglane 46\r\n\r\n',2,1,2,15),(108,70000,'U09',2,'Twiglane 44\r\n\r\n',2,0,0,15),(109,70000,'U10',1,'Twiglane 48\r\n',2,0,0,15),(110,425000,'N01',1,'Stickroad 17',9,0,0,16),(111,200000,'N02',4,'Twiglane 7',6,1,1,16),(112,425000,'N03',4,'Stickroad 21\r\n\r\n',9,1,1,16),(113,200000,'N04',1,'Twiglane 8\r\n',6,0,0,16),(114,200000,'N05',2,'Twiglane 5\r\n\r\n\r\n',6,0,0,16),(115,100000,'N06',3,'Leafstreet 28\r\n\r\n',3,1,1,16),(116,100000,'N07',1,'Leafstreet 26\r\n',3,0,0,16),(117,300000,'D01',1,'Stonelane 13\r\n',8,0,0,17),(118,300000,'D02',2,'Stonelane 11\r\n\r\n',8,0,0,17),(119,300000,'D03',3,'Stonelane 15\r\n\r\n',8,0,0,17),(120,160000,'D04',1,'Steelstreet 22\r\n',5,0,0,17),(121,160000,'D05',1,'Steelstreet 20\r\n',5,0,0,17),(122,160000,'D06',3,'Steelstreet 25\r\n\r\n',5,1,0,17),(123,160000,'D07',4,'Steelstreet 23\r\n\r\n',5,1,2,17),(124,80000,'D08',4,'Brickroad 8\r\n\r\n',2,1,2,17),(125,80000,'D09',2,'Brickroad 4\r\n\r\n',2,0,0,17),(126,80000,'D10',1,'Brickroad 6\r\n',2,0,0,17),(127,200000,'U01',1,'Woolstreet 33\r\n',6,0,0,18),(128,200000,'U02',3,'Woolstreet 37\r\n\r\n',6,0,1,18),(129,200000,'U03',4,'Woolstreet 35\r\n\r\n',6,1,1,18),(130,125000,'U04',1,'Grassroad 54\r\n',4,0,0,18),(131,125000,'U05',2,'Grassroad 52\r\n\r\n',4,0,0,18),(132,125000,'U06',3,'Grassroad 51\r\n\r\n',4,1,1,18),(133,125000,'U07',3,'Grassroad 53',4,1,2,18),(134,70000,'U08',4,'Twiglane 46\r\n\r\n',2,1,2,18),(135,70000,'U09',2,'Twiglane 44\r\n\r\n',2,0,0,18),(136,70000,'U10',1,'Twiglane 48\r\n',2,0,0,18),(137,425000,'N01',1,'Stickroad 17',9,0,0,19),(138,200000,'N02',4,'Twiglane 7',6,1,1,19),(139,425000,'N03',4,'Stickroad 21\r\n\r\n',9,1,1,19),(140,200000,'N04',1,'Twiglane 8\r\n',6,0,0,19),(141,200000,'N05',2,'Twiglane 5\r\n\r\n\r\n',6,0,0,19),(142,100000,'N06',3,'Leafstreet 28\r\n\r\n',3,1,1,19),(143,100000,'N07',1,'Leafstreet 26\r\n',3,0,0,19),(144,300000,'D01',1,'Stonelane 13\r\n',8,0,0,20),(145,300000,'D02',2,'Stonelane 11\r\n\r\n',8,0,0,20),(146,300000,'D03',3,'Stonelane 15\r\n\r\n',8,0,0,20),(147,160000,'D04',1,'Steelstreet 22\r\n',5,0,0,20),(148,160000,'D05',1,'Steelstreet 20\r\n',5,0,0,20),(149,160000,'D06',3,'Steelstreet 25\r\n\r\n',5,1,0,20),(150,160000,'D07',4,'Steelstreet 23\r\n\r\n',5,1,2,20),(151,80000,'D08',4,'Brickroad 8\r\n\r\n',2,1,2,20),(152,80000,'D09',2,'Brickroad 4\r\n\r\n',2,0,0,20),(153,80000,'D10',1,'Brickroad 6\r\n',2,0,0,20),(154,200000,'U01',1,'Woolstreet 33\r\n',6,0,0,21),(155,200000,'U02',3,'Woolstreet 37\r\n\r\n',6,0,1,21),(156,200000,'U03',4,'Woolstreet 35\r\n\r\n',6,1,1,21),(157,125000,'U04',1,'Grassroad 54\r\n',4,0,0,21),(158,125000,'U05',2,'Grassroad 52\r\n\r\n',4,0,0,21),(159,125000,'U06',3,'Grassroad 51\r\n\r\n',4,1,1,21),(160,125000,'U07',3,'Grassroad 53',4,1,2,21),(161,70000,'U08',4,'Twiglane 46\r\n\r\n',2,1,2,21),(162,70000,'U09',2,'Twiglane 44\r\n\r\n',2,0,0,21),(163,70000,'U10',1,'Twiglane 48\r\n',2,0,0,21);
/*!40000 ALTER TABLE `house` ENABLE KEYS */;
UNLOCK TABLES;

--
-- Table structure for table `housegroup`
--

DROP TABLE IF EXISTS `housegroup`;
/*!40101 SET @saved_cs_client     = @@character_set_client */;
/*!40101 SET character_set_client = utf8 */;
CREATE TABLE `housegroup` (
  `id` int(10) unsigned NOT NULL AUTO_INCREMENT,
  `code` varchar(45) NOT NULL,
  `address` varchar(255) NOT NULL,
  `rating` int(10) unsigned NOT NULL,
  `original_price` int(10) unsigned NOT NULL,
  `damage_reduction` int(10) unsigned NOT NULL,
  `market_value` int(10) unsigned NOT NULL,
  `last_sold_price` int(10) unsigned DEFAULT NULL,
  `house_satisfaction` int(11) NOT NULL,
  `status` varchar(24) NOT NULL,
  `fluvial_base_protection` int(10) unsigned NOT NULL,
  `pluvial_base_protection` int(10) unsigned NOT NULL,
  `fluvial_house_protection` int(10) unsigned NOT NULL,
  `pluvial_house_protection` int(10) unsigned NOT NULL,
  `last_round_comm_fluvial` int(10) unsigned DEFAULT NULL,
  `last_round_comm_pluvial` int(10) unsigned DEFAULT NULL,
  `last_round_house_fluvial` int(10) unsigned DEFAULT NULL,
  `last_round_house_pluvial` int(10) unsigned DEFAULT NULL,
  `house_id` int(10) unsigned NOT NULL,
  `group_id` int(10) unsigned NOT NULL,
  `owner_id` int(10) unsigned DEFAULT NULL,
  PRIMARY KEY (`id`),
  UNIQUE KEY `id_UNIQUE` (`id`),
  KEY `fk_houseround_house1_idx` (`house_id`),
  KEY `fk_housegroup_group1_idx` (`group_id`),
  KEY `fk_houseround_player1_idx` (`owner_id`),
  CONSTRAINT `fk_housegroup_group1` FOREIGN KEY (`group_id`) REFERENCES `group` (`id`) ON DELETE NO ACTION ON UPDATE NO ACTION,
  CONSTRAINT `fk_houseround_house1` FOREIGN KEY (`house_id`) REFERENCES `house` (`id`) ON DELETE NO ACTION ON UPDATE NO ACTION,
  CONSTRAINT `fk_houseround_player1` FOREIGN KEY (`owner_id`) REFERENCES `player` (`id`) ON DELETE NO ACTION ON UPDATE NO ACTION
) ENGINE=InnoDB AUTO_INCREMENT=723 DEFAULT CHARSET=utf8mb4 COLLATE=utf8mb4_general_ci;
/*!40101 SET character_set_client = @saved_cs_client */;

--
-- Dumping data for table `housegroup`
--

LOCK TABLES `housegroup` WRITE;
/*!40000 ALTER TABLE `housegroup` DISABLE KEYS */;
INSERT INTO `housegroup` VALUES (11,'N01','Stickroad 17',9,425000,0,425000,425000,0,'OCCUPIED',8,10,0,0,NULL,NULL,NULL,NULL,29,34,216),(12,'N04','Twiglane 8\r\n',6,200000,0,200000,200000,0,'OCCUPIED',8,10,0,0,NULL,NULL,NULL,NULL,32,34,217),(13,'N07','Leafstreet 26\r\n',3,100000,0,100000,100000,0,'OCCUPIED',8,10,0,0,NULL,NULL,NULL,NULL,35,34,212),(14,'D01','Stonelane 13\r\n',8,300000,0,300000,300000,0,'OCCUPIED',6,10,0,0,NULL,NULL,NULL,NULL,36,34,215),(15,'D04','Steelstreet 22\r\n',5,160000,0,160000,NULL,0,'AVAILABLE',6,10,0,0,NULL,NULL,NULL,NULL,39,34,NULL),(16,'D05','Steelstreet 20\r\n',5,160000,0,160000,160000,0,'OCCUPIED',6,10,0,0,NULL,NULL,NULL,NULL,40,34,214),(17,'D10','Brickroad 6\r\n',2,80000,0,80000,80000,0,'OCCUPIED',6,10,0,0,NULL,NULL,NULL,NULL,45,34,218),(18,'U01','Woolstreet 33\r\n',6,200000,0,200000,NULL,0,'AVAILABLE',8,7,0,0,NULL,NULL,NULL,NULL,46,34,NULL),(19,'U04','Grassroad 54\r\n',4,125000,0,125000,125000,0,'OCCUPIED',8,7,0,0,NULL,NULL,NULL,NULL,49,34,213),(20,'U10','Twiglane 48\r\n',2,70000,0,70000,70000,0,'OCCUPIED',8,7,0,0,NULL,NULL,NULL,NULL,55,34,219),(31,'N01','Stickroad 17',9,425000,0,425000,425000,0,'OCCUPIED',8,10,0,0,NULL,NULL,NULL,NULL,29,35,224),(32,'N04','Twiglane 8\r\n',6,200000,0,200000,200000,0,'OCCUPIED',8,10,0,0,NULL,NULL,NULL,NULL,32,35,225),(33,'N07','Leafstreet 26\r\n',3,100000,0,100000,100000,0,'OCCUPIED',8,10,0,0,NULL,NULL,NULL,NULL,35,35,220),(34,'D01','Stonelane 13\r\n',8,300000,0,300000,NULL,0,'AVAILABLE',6,10,0,0,NULL,NULL,NULL,NULL,36,35,NULL),(35,'D04','Steelstreet 22\r\n',5,160000,0,160000,NULL,0,'AVAILABLE',6,10,0,0,NULL,NULL,NULL,NULL,39,35,NULL),(36,'D05','Steelstreet 20\r\n',5,160000,0,160000,160000,0,'OCCUPIED',6,10,0,0,NULL,NULL,NULL,NULL,40,35,222),(37,'D10','Brickroad 6\r\n',2,80000,0,80000,80000,0,'OCCUPIED',6,10,0,0,NULL,NULL,NULL,NULL,45,35,226),(38,'U01','Woolstreet 33\r\n',6,200000,0,200000,200000,0,'OCCUPIED',8,7,0,0,NULL,NULL,NULL,NULL,46,35,223),(39,'U04','Grassroad 54\r\n',4,125000,0,125000,125000,0,'OCCUPIED',8,7,0,0,NULL,NULL,NULL,NULL,49,35,221),(40,'U10','Twiglane 48\r\n',2,70000,0,70000,NULL,0,'AVAILABLE',8,7,0,0,NULL,NULL,NULL,NULL,55,35,NULL),(41,'N01','Stickroad 17',9,425000,0,425000,425000,0,'OCCUPIED',8,10,0,0,NULL,NULL,NULL,NULL,29,37,241),(42,'N04','Twiglane 8\r\n',6,200000,0,200000,NULL,0,'AVAILABLE',8,10,0,0,NULL,NULL,NULL,NULL,32,37,NULL),(43,'N07','Leafstreet 26\r\n',3,100000,0,100000,NULL,0,'AVAILABLE',8,10,0,0,NULL,NULL,NULL,NULL,35,37,NULL),(44,'D01','Stonelane 13\r\n',8,300000,0,300000,300000,0,'OCCUPIED',6,10,0,0,NULL,NULL,NULL,NULL,36,37,236),(45,'D04','Steelstreet 22\r\n',5,160000,0,160000,160000,0,'OCCUPIED',6,10,0,0,NULL,NULL,NULL,NULL,39,37,238),(46,'D05','Steelstreet 20\r\n',5,160000,0,160000,NULL,0,'AVAILABLE',6,10,0,0,NULL,NULL,NULL,NULL,40,37,NULL),(47,'D10','Brickroad 6\r\n',2,80000,0,80000,80000,0,'OCCUPIED',6,10,0,0,NULL,NULL,NULL,NULL,45,37,237),(48,'U01','Woolstreet 33\r\n',6,200000,0,200000,200000,0,'OCCUPIED',8,7,0,0,NULL,NULL,NULL,NULL,46,37,239),(49,'U04','Grassroad 54\r\n',4,125000,0,125000,125000,0,'OCCUPIED',8,7,0,0,NULL,NULL,NULL,NULL,49,37,240),(50,'U10','Twiglane 48\r\n',2,70000,0,70000,NULL,0,'AVAILABLE',8,7,0,0,NULL,NULL,NULL,NULL,55,37,NULL),(51,'N01','Stickroad 17',9,425000,0,425000,425000,0,'OCCUPIED',10,8,0,0,0,0,0,0,29,38,249),(52,'N04','Twiglane 8',6,200000,0,200000,0,0,'NOT_AVAILABLE',10,8,0,0,0,0,0,0,32,38,NULL),(53,'N07','Leafstreet 26',3,100000,0,100000,100000,0,'OCCUPIED',10,8,0,0,0,0,0,0,35,38,245),(54,'D01','Stonelane 13',8,300000,0,300000,300000,0,'NOT_AVAILABLE',10,6,0,0,0,2,0,2,36,38,NULL),(55,'D04','Steelstreet 22',5,160000,0,160000,160000,0,'OCCUPIED',10,6,0,0,0,2,0,2,39,38,246),(56,'D05','Steelstreet 20',5,160000,0,160000,0,0,'NOT_AVAILABLE',10,6,0,0,0,2,0,2,40,38,NULL),(57,'D10','Brickroad 6',2,80000,0,80000,0,0,'NOT_AVAILABLE',10,6,0,0,0,2,0,2,45,38,NULL),(58,'U01','Woolstreet 33',6,200000,0,190000,200000,0,'OCCUPIED',7,8,0,0,2,0,2,0,46,38,247),(59,'U04','Grassroad 54',4,125000,0,115000,125000,0,'OCCUPIED',7,8,0,0,2,0,2,0,49,38,248),(60,'U10','Twiglane 48',2,70000,0,60000,NULL,0,'NOT_AVAILABLE',7,8,0,0,2,NULL,2,NULL,55,38,NULL),(61,'N05','Twiglane 5\r\n\r\n\r\n',6,200000,0,200000,200000,7,'OCCUPIED',10,8,11,9,NULL,NULL,NULL,NULL,33,38,244),(62,'D02','Stonelane 11\r\n\r\n',8,300000,0,300000,NULL,0,'NOT_AVAILABLE',10,6,0,0,NULL,2,NULL,2,37,38,NULL),(63,'D09','Brickroad 4\r\n\r\n',2,80000,0,80000,NULL,0,'NOT_AVAILABLE',10,6,0,0,NULL,2,NULL,2,44,38,NULL),(64,'U05','Grassroad 52\r\n\r\n',4,125000,0,115000,NULL,0,'NOT_AVAILABLE',7,8,0,0,2,NULL,2,NULL,50,38,NULL),(65,'U09','Twiglane 44\r\n\r\n',2,70000,0,60000,NULL,0,'NOT_AVAILABLE',7,8,0,0,2,NULL,2,NULL,54,38,NULL),(66,'N01','Stickroad 17',9,425000,0,425000,425000,0,'OCCUPIED',10,8,0,0,NULL,NULL,NULL,NULL,29,36,233),(67,'N04','Twiglane 8\r\n',6,200000,0,200000,200000,0,'OCCUPIED',10,8,0,0,NULL,NULL,NULL,NULL,32,36,231),(68,'N07','Leafstreet 26\r\n',3,100000,0,100000,100000,0,'OCCUPIED',10,8,0,0,NULL,NULL,NULL,NULL,35,36,232),(69,'D01','Stonelane 13\r\n',8,300000,0,300000,300000,0,'OCCUPIED',10,6,0,0,NULL,NULL,NULL,NULL,36,36,228),(70,'D04','Steelstreet 22\r\n',5,160000,0,160000,160000,0,'OCCUPIED',10,6,0,0,NULL,NULL,NULL,NULL,39,36,230),(71,'D05','Steelstreet 20\r\n',5,160000,0,160000,NULL,0,'AVAILABLE',10,6,0,0,NULL,NULL,NULL,NULL,40,36,NULL),(72,'D10','Brickroad 6\r\n',2,80000,0,80000,80000,0,'OCCUPIED',10,6,0,0,NULL,NULL,NULL,NULL,45,36,229),(73,'U01','Woolstreet 33\r\n',6,200000,0,200000,200000,4,'OCCUPIED',7,8,8,8,NULL,NULL,NULL,NULL,46,36,234),(74,'U04','Grassroad 54\r\n',4,125000,0,125000,NULL,0,'AVAILABLE',7,8,0,0,NULL,NULL,NULL,NULL,49,36,NULL),(75,'U10','Twiglane 48\r\n',2,70000,0,70000,70000,0,'OCCUPIED',7,8,0,0,NULL,NULL,NULL,NULL,55,36,235),(76,'N06','Leafstreet 28\r\n\r\n',3,100000,0,100000,NULL,0,'AVAILABLE',10,8,1,1,NULL,NULL,NULL,NULL,34,38,NULL),(77,'D03','Stonelane 15\r\n\r\n',8,300000,0,300000,NULL,0,'AVAILABLE',10,6,0,0,NULL,NULL,NULL,NULL,38,38,NULL),(78,'D06','Steelstreet 25\r\n\r\n',5,160000,0,160000,NULL,0,'AVAILABLE',10,6,0,1,NULL,NULL,NULL,NULL,41,38,NULL),(79,'U02','Woolstreet 37\r\n\r\n',6,200000,0,200000,NULL,0,'AVAILABLE',7,8,1,0,NULL,NULL,NULL,NULL,47,38,NULL),(80,'U06','Grassroad 51\r\n\r\n',4,125000,0,125000,NULL,0,'AVAILABLE',7,8,1,1,NULL,NULL,NULL,NULL,51,38,NULL),(81,'N01','Stickroad 17',9,425000,0,425000,NULL,0,'NOT_AVAILABLE',10,8,0,0,NULL,2,NULL,2,29,27,NULL),(82,'N04','Twiglane 8\r\n',6,200000,0,200000,NULL,0,'NOT_AVAILABLE',10,8,0,0,NULL,2,NULL,2,32,27,NULL),(83,'N07','Leafstreet 26\r\n',3,100000,0,100000,NULL,0,'NOT_AVAILABLE',10,8,0,0,NULL,2,NULL,2,35,27,NULL),(84,'D01','Stonelane 13\r\n',8,300000,0,300000,NULL,0,'NOT_AVAILABLE',10,6,0,0,NULL,2,NULL,2,36,27,NULL),(85,'D04','Steelstreet 22\r\n',5,160000,0,160000,NULL,0,'NOT_AVAILABLE',10,6,0,0,NULL,2,NULL,2,39,27,NULL),(86,'D05','Steelstreet 20\r\n',5,160000,0,160000,NULL,0,'NOT_AVAILABLE',10,6,0,0,NULL,2,NULL,2,40,27,NULL),(87,'D10','Brickroad 6\r\n',2,80000,0,80000,NULL,0,'NOT_AVAILABLE',10,6,0,0,NULL,2,NULL,2,45,27,NULL),(88,'U01','Woolstreet 33\r\n',6,200000,0,200000,NULL,0,'NOT_AVAILABLE',7,8,0,0,NULL,2,NULL,2,46,27,NULL),(89,'U04','Grassroad 54\r\n',4,125000,0,125000,125000,0,'NOT_AVAILABLE',7,8,0,0,NULL,2,NULL,2,49,27,NULL),(90,'U10','Twiglane 48\r\n',2,70000,0,70000,NULL,0,'NOT_AVAILABLE',7,8,0,0,NULL,2,NULL,2,55,27,NULL),(91,'N05','Twiglane 5\r\n\r\n\r\n',6,200000,0,200000,NULL,0,'NOT_AVAILABLE',10,8,0,0,NULL,2,NULL,2,33,27,NULL),(92,'D02','Stonelane 11\r\n\r\n',8,300000,0,300000,NULL,0,'NOT_AVAILABLE',10,6,0,0,NULL,2,NULL,2,37,27,NULL),(93,'D09','Brickroad 4\r\n\r\n',2,80000,0,80000,80000,1,'OCCUPIED',10,6,11,7,NULL,2,NULL,NULL,44,27,156),(94,'U05','Grassroad 52\r\n\r\n',4,125000,0,125000,NULL,0,'NOT_AVAILABLE',7,8,0,0,NULL,2,NULL,2,50,27,NULL),(95,'U09','Twiglane 44\r\n\r\n',2,70000,0,70000,NULL,0,'NOT_AVAILABLE',7,8,0,0,NULL,2,NULL,2,54,27,NULL),(96,'N06','Leafstreet 28\r\n\r\n',3,100000,0,100000,NULL,0,'NOT_AVAILABLE',10,8,1,1,NULL,NULL,NULL,NULL,34,27,NULL),(97,'D03','Stonelane 15\r\n\r\n',8,300000,0,300000,NULL,0,'NOT_AVAILABLE',10,6,0,0,NULL,NULL,NULL,NULL,38,27,NULL),(98,'D06','Steelstreet 25\r\n\r\n',5,160000,0,160000,NULL,0,'NOT_AVAILABLE',10,6,0,1,NULL,NULL,NULL,NULL,41,27,NULL),(99,'U02','Woolstreet 37\r\n\r\n',6,200000,0,200000,NULL,0,'NOT_AVAILABLE',7,8,1,0,NULL,NULL,NULL,NULL,47,27,NULL),(100,'U06','Grassroad 51\r\n\r\n',4,125000,0,125000,NULL,0,'NOT_AVAILABLE',7,8,1,1,NULL,NULL,NULL,NULL,51,27,NULL),(101,'N01','Stickroad 17',9,425000,0,425000,NULL,0,'NOT_AVAILABLE',10,8,0,0,NULL,1,NULL,1,29,28,NULL),(102,'N04','Twiglane 8\r\n',6,200000,0,200000,NULL,0,'NOT_AVAILABLE',10,8,0,0,NULL,1,NULL,1,32,28,NULL),(103,'N07','Leafstreet 26\r\n',3,100000,0,100000,100000,0,'OCCUPIED',10,8,11,9,NULL,1,NULL,1,35,28,164),(104,'D01','Stonelane 13\r\n',8,300000,0,300000,NULL,0,'NOT_AVAILABLE',10,6,0,0,NULL,1,NULL,1,36,28,NULL),(105,'D04','Steelstreet 22\r\n',5,160000,0,160000,NULL,0,'NOT_AVAILABLE',10,6,0,0,NULL,1,NULL,1,39,28,NULL),(106,'D05','Steelstreet 20\r\n',5,160000,0,160000,NULL,0,'NOT_AVAILABLE',10,6,0,0,NULL,1,NULL,1,40,28,NULL),(107,'D10','Brickroad 6\r\n',2,80000,0,80000,NULL,0,'NOT_AVAILABLE',10,6,0,0,NULL,1,NULL,1,45,28,NULL),(108,'U01','Woolstreet 33\r\n',6,200000,0,200000,NULL,0,'NOT_AVAILABLE',7,8,0,0,NULL,1,NULL,1,46,28,NULL),(109,'U04','Grassroad 54\r\n',4,125000,0,125000,NULL,0,'NOT_AVAILABLE',7,8,0,0,NULL,1,NULL,1,49,28,NULL),(110,'U10','Twiglane 48\r\n',2,70000,0,70000,NULL,0,'NOT_AVAILABLE',7,8,0,0,NULL,1,NULL,1,55,28,NULL),(111,'N05','Twiglane 5\r\n\r\n\r\n',6,200000,0,200000,NULL,0,'AVAILABLE',10,8,0,0,NULL,NULL,NULL,NULL,33,28,NULL),(112,'D02','Stonelane 11\r\n\r\n',8,300000,0,300000,NULL,0,'AVAILABLE',10,6,0,0,NULL,NULL,NULL,NULL,37,28,NULL),(113,'D09','Brickroad 4\r\n\r\n',2,80000,0,80000,NULL,0,'AVAILABLE',10,6,0,0,NULL,NULL,NULL,NULL,44,28,NULL),(114,'U05','Grassroad 52\r\n\r\n',4,125000,0,125000,NULL,0,'AVAILABLE',7,8,0,0,NULL,NULL,NULL,NULL,50,28,NULL),(115,'U09','Twiglane 44\r\n\r\n',2,70000,0,70000,NULL,0,'AVAILABLE',7,8,0,0,NULL,NULL,NULL,NULL,54,28,NULL),(116,'N03','Stickroad 21\r\n\r\n',9,425000,0,425000,NULL,1,'AVAILABLE',10,8,2,0,NULL,NULL,NULL,NULL,31,27,NULL),(117,'D07','Steelstreet 23\r\n\r\n',5,160000,0,160000,NULL,2,'AVAILABLE',10,6,1,2,NULL,NULL,NULL,NULL,42,27,NULL),(118,'D08','Brickroad 8\r\n\r\n',2,80000,0,80000,NULL,5,'AVAILABLE',10,6,2,2,NULL,NULL,NULL,NULL,43,27,NULL),(119,'U03','Woolstreet 35\r\n\r\n',6,200000,0,200000,NULL,2,'AVAILABLE',7,8,1,1,NULL,NULL,NULL,NULL,48,27,NULL),(120,'U08','Twiglane 46\r\n\r\n',2,70000,0,70000,NULL,3,'AVAILABLE',7,8,2,1,NULL,NULL,NULL,NULL,53,27,NULL),(121,'N01','Stickroad 17',9,425000,0,425000,NULL,0,'AVAILABLE',10,8,0,0,1,1,1,1,29,29,NULL),(122,'N04','Twiglane 8\r\n',6,200000,0,200000,NULL,0,'AVAILABLE',10,8,0,0,1,1,1,1,32,29,NULL),(123,'N07','Leafstreet 26\r\n',3,100000,0,100000,100000,0,'OCCUPIED',10,8,0,0,1,1,1,1,35,29,172),(124,'D01','Stonelane 13\r\n',8,300000,0,300000,NULL,0,'AVAILABLE',10,6,0,0,1,1,1,1,36,29,NULL),(125,'D04','Steelstreet 22\r\n',5,160000,0,160000,NULL,0,'AVAILABLE',10,6,0,0,1,1,1,1,39,29,NULL),(126,'D05','Steelstreet 20\r\n',5,160000,0,160000,NULL,0,'AVAILABLE',10,6,0,0,1,1,1,1,40,29,NULL),(127,'D10','Brickroad 6\r\n',2,80000,0,80000,NULL,0,'AVAILABLE',10,6,0,0,1,1,1,1,45,29,NULL),(128,'U01','Woolstreet 33\r\n',6,200000,0,200000,NULL,0,'AVAILABLE',7,8,0,0,1,1,1,1,46,29,NULL),(129,'U04','Grassroad 54\r\n',4,125000,0,125000,NULL,0,'AVAILABLE',7,8,0,0,1,1,1,1,49,29,NULL),(130,'U10','Twiglane 48\r\n',2,70000,0,70000,NULL,0,'AVAILABLE',7,8,0,0,1,1,1,1,55,29,NULL),(146,'N01','Stickroad 17',9,425000,0,420000,NULL,0,'NOT_AVAILABLE',10,8,0,0,1,2,1,2,29,33,NULL),(147,'N04','Twiglane 8\r\n',6,200000,0,195000,NULL,0,'NOT_AVAILABLE',10,8,0,0,1,2,1,2,32,33,NULL),(148,'N07','Leafstreet 26\r\n',3,100000,0,95000,100000,0,'OCCUPIED',10,8,0,0,1,2,1,2,35,33,204),(149,'D01','Stonelane 13\r\n',8,300000,0,300000,NULL,0,'NOT_AVAILABLE',10,6,0,0,1,2,1,2,36,33,NULL),(150,'D04','Steelstreet 22\r\n',5,160000,0,160000,NULL,0,'NOT_AVAILABLE',10,6,0,0,1,2,1,2,39,33,NULL),(151,'D05','Steelstreet 20\r\n',5,160000,0,160000,NULL,0,'NOT_AVAILABLE',10,6,0,0,1,2,1,2,40,33,NULL),(152,'D10','Brickroad 6\r\n',2,80000,0,80000,NULL,0,'NOT_AVAILABLE',10,6,0,0,1,2,1,2,45,33,NULL),(153,'U01','Woolstreet 33\r\n',6,200000,0,200000,NULL,0,'NOT_AVAILABLE',7,8,0,0,2,2,2,2,46,33,NULL),(154,'U04','Grassroad 54\r\n',4,125000,0,125000,NULL,0,'NOT_AVAILABLE',7,8,0,0,2,2,2,2,49,33,NULL),(155,'U10','Twiglane 48\r\n',2,70000,0,70000,NULL,0,'NOT_AVAILABLE',7,8,0,0,2,2,2,2,55,33,NULL),(156,'N05','Twiglane 5\r\n\r\n\r\n',6,200000,0,200000,NULL,0,'NOT_AVAILABLE',10,8,0,0,NULL,2,NULL,2,33,33,NULL),(157,'D02','Stonelane 11\r\n\r\n',8,300000,0,300000,NULL,0,'NOT_AVAILABLE',10,6,0,0,NULL,2,NULL,2,37,33,NULL),(158,'D09','Brickroad 4\r\n\r\n',2,80000,0,80000,NULL,0,'NOT_AVAILABLE',10,6,0,0,NULL,2,NULL,2,44,33,NULL),(159,'U05','Grassroad 52\r\n\r\n',4,125000,0,125000,NULL,0,'NOT_AVAILABLE',7,8,0,0,2,2,2,2,50,33,NULL),(160,'U09','Twiglane 44\r\n\r\n',2,70000,0,70000,NULL,0,'NOT_AVAILABLE',7,8,0,0,2,2,2,2,54,33,NULL),(161,'N06','Leafstreet 28\r\n\r\n',3,100000,0,100000,NULL,0,'AVAILABLE',10,8,1,1,NULL,NULL,NULL,NULL,34,33,NULL),(162,'D03','Stonelane 15\r\n\r\n',8,300000,0,300000,NULL,0,'AVAILABLE',10,6,0,0,NULL,NULL,NULL,NULL,38,33,NULL),(163,'D06','Steelstreet 25\r\n\r\n',5,160000,0,160000,NULL,0,'AVAILABLE',10,6,0,1,NULL,NULL,NULL,NULL,41,33,NULL),(164,'U02','Woolstreet 37\r\n\r\n',6,200000,0,200000,NULL,0,'AVAILABLE',7,8,1,0,NULL,NULL,NULL,NULL,47,33,NULL),(165,'U06','Grassroad 51\r\n\r\n',4,125000,0,125000,NULL,0,'AVAILABLE',7,8,1,1,NULL,NULL,NULL,NULL,51,33,NULL),(216,'N01','Stickroad 17',9,425000,0,425000,425000,4,'OCCUPIED',10,8,11,9,NULL,3,NULL,1,29,50,341),(217,'N04','Twiglane 8\r\n',6,200000,0,200000,200000,3,'OCCUPIED',10,8,10,9,NULL,3,NULL,1,32,50,342),(218,'N07','Leafstreet 26\r\n',3,100000,0,100000,100000,3,'OCCUPIED',10,8,11,9,NULL,3,NULL,1,35,50,343),(219,'D01','Stonelane 13\r\n',8,300000,0,300000,300000,0,'NOT_AVAILABLE',10,6,0,0,NULL,3,NULL,3,36,50,NULL),(220,'D04','Steelstreet 22\r\n',5,160000,0,160000,NULL,0,'NOT_AVAILABLE',10,6,0,0,NULL,3,NULL,3,39,50,NULL),(221,'D05','Steelstreet 20\r\n',5,160000,0,160000,NULL,0,'NOT_AVAILABLE',10,6,0,0,NULL,3,NULL,3,40,50,NULL),(222,'D10','Brickroad 6\r\n',2,80000,0,80000,NULL,0,'NOT_AVAILABLE',10,6,0,0,NULL,3,NULL,3,45,50,NULL),(223,'U01','Woolstreet 33\r\n',6,200000,0,190000,NULL,0,'NOT_AVAILABLE',7,8,0,0,4,3,4,3,46,50,NULL),(224,'U04','Grassroad 54\r\n',4,125000,0,115000,115000,0,'NOT_AVAILABLE',7,8,0,0,4,3,4,3,49,50,NULL),(225,'U10','Twiglane 48\r\n',2,70000,0,60000,70000,0,'OCCUPIED',7,8,0,0,4,3,4,3,55,50,340),(226,'N01','Stickroad 17',9,425000,0,425000,NULL,0,'NOT_AVAILABLE',10,8,0,0,NULL,3,NULL,3,29,51,NULL),(227,'N04','Twiglane 8\r\n',6,200000,0,200000,NULL,0,'NOT_AVAILABLE',10,8,0,0,NULL,3,NULL,3,32,51,NULL),(228,'N07','Leafstreet 26\r\n',3,100000,0,100000,NULL,0,'NOT_AVAILABLE',10,8,0,0,NULL,3,NULL,3,35,51,NULL),(229,'D01','Stonelane 13\r\n',8,300000,0,300000,300000,7,'OCCUPIED',10,6,11,7,NULL,4,NULL,3,36,51,349),(230,'D04','Steelstreet 22\r\n',5,160000,0,160000,160000,0,'NOT_AVAILABLE',10,6,0,0,NULL,4,NULL,4,39,51,NULL),(231,'D05','Steelstreet 20\r\n',5,160000,0,160000,160000,5,'OCCUPIED',10,6,11,7,NULL,4,NULL,3,40,51,350),(232,'D10','Brickroad 6\r\n',2,80000,0,80000,80000,0,'OCCUPIED',10,6,11,6,NULL,4,NULL,4,45,51,348),(233,'U01','Woolstreet 33\r\n',6,200000,0,200000,NULL,0,'NOT_AVAILABLE',7,8,0,0,NULL,3,NULL,3,46,51,NULL),(234,'U04','Grassroad 54\r\n',4,125000,0,125000,125000,5,'OCCUPIED',7,8,9,9,NULL,3,NULL,3,49,51,353),(235,'U10','Twiglane 48\r\n',2,70000,0,70000,70000,2,'OCCUPIED',7,8,8,9,NULL,3,NULL,3,55,51,352),(236,'N05','Twiglane 5\r\n\r\n\r\n',6,200000,0,200000,NULL,0,'NOT_AVAILABLE',10,8,0,0,NULL,3,NULL,3,33,50,NULL),(237,'D02','Stonelane 11\r\n\r\n',8,300000,0,300000,NULL,0,'NOT_AVAILABLE',10,6,0,0,NULL,3,NULL,3,37,50,NULL),(238,'D09','Brickroad 4\r\n\r\n',2,80000,0,80000,NULL,0,'NOT_AVAILABLE',10,6,0,0,NULL,3,NULL,3,44,50,NULL),(239,'U05','Grassroad 52\r\n\r\n',4,125000,0,115000,NULL,0,'NOT_AVAILABLE',7,8,0,0,4,3,4,3,50,50,NULL),(240,'U09','Twiglane 44\r\n\r\n',2,70000,0,60000,NULL,0,'NOT_AVAILABLE',7,8,0,0,4,3,4,3,54,50,NULL),(241,'N05','Twiglane 5\r\n\r\n\r\n',6,200000,0,200000,NULL,0,'NOT_AVAILABLE',10,8,0,0,NULL,3,NULL,3,33,51,NULL),(242,'D02','Stonelane 11\r\n\r\n',8,300000,0,300000,NULL,0,'NOT_AVAILABLE',10,6,0,0,NULL,4,NULL,4,37,51,NULL),(243,'D09','Brickroad 4\r\n\r\n',2,80000,0,80000,NULL,0,'NOT_AVAILABLE',10,6,0,0,NULL,4,NULL,4,44,51,NULL),(244,'U05','Grassroad 52\r\n\r\n',4,125000,0,125000,125000,3,'OCCUPIED',7,8,8,9,NULL,3,NULL,NULL,50,51,351),(245,'U09','Twiglane 44\r\n\r\n',2,70000,0,70000,NULL,0,'NOT_AVAILABLE',7,8,0,0,NULL,3,NULL,3,54,51,NULL),(246,'N06','Leafstreet 28\r\n\r\n',3,100000,0,100000,100000,0,'AVAILABLE',10,8,1,0,NULL,3,NULL,3,34,50,NULL),(247,'D03','Stonelane 15\r\n\r\n',8,300000,0,300000,NULL,0,'NOT_AVAILABLE',10,6,0,0,NULL,3,NULL,3,38,50,NULL),(248,'D06','Steelstreet 25\r\n\r\n',5,160000,0,160000,160000,4,'OCCUPIED',10,6,11,7,NULL,3,NULL,NULL,41,50,345),(249,'U02','Woolstreet 37\r\n\r\n',6,200000,0,190000,NULL,0,'NOT_AVAILABLE',7,8,1,0,4,3,4,3,47,50,NULL),(250,'U06','Grassroad 51\r\n\r\n',4,125000,0,115000,NULL,0,'NOT_AVAILABLE',7,8,1,0,4,3,4,3,51,50,NULL),(251,'N06','Leafstreet 28\r\n\r\n',3,100000,0,100000,NULL,0,'NOT_AVAILABLE',10,8,1,0,NULL,3,NULL,3,34,51,NULL),(252,'D03','Stonelane 15\r\n\r\n',8,300000,0,300000,NULL,0,'NOT_AVAILABLE',10,6,0,0,NULL,4,NULL,4,38,51,NULL),(253,'D06','Steelstreet 25\r\n\r\n',5,160000,0,160000,NULL,0,'NOT_AVAILABLE',10,6,0,1,NULL,4,NULL,4,41,51,NULL),(254,'U02','Woolstreet 37\r\n\r\n',6,200000,0,200000,NULL,0,'NOT_AVAILABLE',7,8,1,0,NULL,3,NULL,3,47,51,NULL),(255,'U06','Grassroad 51\r\n\r\n',4,125000,0,125000,NULL,0,'NOT_AVAILABLE',7,8,1,0,NULL,3,NULL,3,51,51,NULL),(256,'N03','Stickroad 21\r\n\r\n',9,425000,0,425000,NULL,1,'AVAILABLE',10,8,1,1,NULL,NULL,NULL,NULL,31,51,NULL),(257,'D07','Steelstreet 23\r\n\r\n',5,160000,0,160000,NULL,2,'AVAILABLE',10,6,2,2,NULL,4,NULL,NULL,42,51,NULL),(258,'D08','Brickroad 8\r\n\r\n',2,80000,0,80000,NULL,5,'AVAILABLE',10,6,2,2,NULL,4,NULL,NULL,43,51,NULL),(259,'U03','Woolstreet 35\r\n\r\n',6,200000,0,200000,NULL,2,'AVAILABLE',7,8,1,1,NULL,NULL,NULL,NULL,48,51,NULL),(260,'U08','Twiglane 46\r\n\r\n',2,70000,0,70000,NULL,3,'AVAILABLE',7,8,2,1,NULL,NULL,NULL,NULL,53,51,NULL),(261,'N03','Stickroad 21\r\n\r\n',9,425000,0,425000,NULL,1,'AVAILABLE',10,8,1,1,NULL,NULL,NULL,NULL,31,50,NULL),(262,'D07','Steelstreet 23\r\n\r\n',5,160000,0,160000,NULL,2,'AVAILABLE',10,6,2,2,NULL,NULL,NULL,NULL,42,50,NULL),(263,'D08','Brickroad 8\r\n\r\n',2,80000,0,80000,NULL,5,'AVAILABLE',10,6,2,2,NULL,NULL,NULL,NULL,43,50,NULL),(264,'U03','Woolstreet 35\r\n\r\n',6,200000,0,190000,NULL,2,'AVAILABLE',7,8,1,1,4,NULL,4,NULL,48,50,NULL),(265,'U08','Twiglane 46\r\n\r\n',2,70000,0,60000,70000,3,'OCCUPIED',7,8,2,1,4,NULL,4,NULL,53,50,344),(371,'N01','Stickroad 17',9,425000,0,425000,NULL,0,'AVAILABLE',10,8,0,0,NULL,NULL,NULL,NULL,29,43,NULL),(372,'N04','Twiglane 8\r\n',6,200000,0,200000,NULL,0,'AVAILABLE',10,8,0,0,NULL,NULL,NULL,NULL,32,43,NULL),(373,'N07','Leafstreet 26\r\n',3,100000,0,100000,NULL,0,'AVAILABLE',10,8,0,0,NULL,NULL,NULL,NULL,35,43,NULL),(374,'D01','Stonelane 13\r\n',8,300000,0,300000,300000,0,'OCCUPIED',10,6,0,0,NULL,NULL,NULL,NULL,36,43,284),(375,'D04','Steelstreet 22\r\n',5,160000,0,160000,NULL,0,'AVAILABLE',10,6,0,0,NULL,NULL,NULL,NULL,39,43,NULL),(376,'D05','Steelstreet 20\r\n',5,160000,0,160000,NULL,0,'AVAILABLE',10,6,0,0,NULL,NULL,NULL,NULL,40,43,NULL),(377,'D10','Brickroad 6\r\n',2,80000,0,80000,NULL,0,'AVAILABLE',10,6,0,0,NULL,NULL,NULL,NULL,45,43,NULL),(378,'U01','Woolstreet 33\r\n',6,200000,0,200000,NULL,0,'AVAILABLE',7,8,0,0,NULL,NULL,NULL,NULL,46,43,NULL),(379,'U04','Grassroad 54\r\n',4,125000,0,125000,NULL,0,'AVAILABLE',7,8,0,0,NULL,NULL,NULL,NULL,49,43,NULL),(380,'U10','Twiglane 48\r\n',2,70000,0,70000,NULL,0,'AVAILABLE',7,8,0,0,NULL,NULL,NULL,NULL,55,43,NULL),(381,'N01','Stickroad 17',9,425000,0,425000,NULL,0,'AVAILABLE',10,8,0,0,NULL,1,NULL,1,29,40,NULL),(382,'N04','Twiglane 8\r\n',6,200000,0,200000,NULL,0,'AVAILABLE',10,8,0,0,NULL,1,NULL,1,32,40,NULL),(383,'N07','Leafstreet 26\r\n',3,100000,0,100000,NULL,0,'AVAILABLE',10,8,0,0,NULL,1,NULL,1,35,40,NULL),(384,'D01','Stonelane 13\r\n',8,300000,0,300000,NULL,0,'AVAILABLE',10,6,0,0,NULL,1,NULL,1,36,40,NULL),(385,'D04','Steelstreet 22\r\n',5,160000,0,160000,NULL,0,'AVAILABLE',10,6,0,0,NULL,1,NULL,1,39,40,NULL),(386,'D05','Steelstreet 20\r\n',5,160000,0,160000,NULL,0,'AVAILABLE',10,6,0,0,NULL,1,NULL,1,40,40,NULL),(387,'D10','Brickroad 6\r\n',2,80000,0,80000,NULL,0,'AVAILABLE',10,6,0,0,NULL,1,NULL,1,45,40,NULL),(388,'U01','Woolstreet 33\r\n',6,200000,0,200000,NULL,0,'AVAILABLE',7,8,0,0,1,1,1,1,46,40,NULL),(389,'U04','Grassroad 54\r\n',4,125000,0,125000,NULL,0,'AVAILABLE',7,8,0,0,1,1,1,1,49,40,NULL),(390,'U10','Twiglane 48\r\n',2,70000,0,70000,70000,0,'OCCUPIED',7,8,0,0,1,1,1,1,55,40,260),(391,'N01','Stickroad 17',9,425000,0,420000,NULL,0,'NOT_AVAILABLE',10,8,0,0,3,NULL,3,NULL,29,41,NULL),(392,'N04','Twiglane 8\r\n',6,200000,0,195000,NULL,0,'NOT_AVAILABLE',10,8,0,0,3,NULL,3,NULL,32,41,NULL),(393,'N07','Leafstreet 26\r\n',3,100000,0,95000,90000,1,'AVAILABLE',10,8,10,9,3,NULL,NULL,NULL,35,41,NULL),(394,'D01','Stonelane 13\r\n',8,300000,0,300000,300000,3,'AVAILABLE',10,6,10,7,NULL,NULL,NULL,NULL,36,41,NULL),(395,'D04','Steelstreet 22\r\n',5,160000,0,160000,NULL,0,'NOT_AVAILABLE',10,6,0,0,NULL,NULL,NULL,NULL,39,41,NULL),(396,'D05','Steelstreet 20\r\n',5,160000,0,160000,NULL,0,'NOT_AVAILABLE',10,6,0,0,NULL,NULL,NULL,NULL,40,41,NULL),(397,'D10','Brickroad 6\r\n',2,80000,0,80000,80000,4,'OCCUPIED',10,6,11,6,NULL,NULL,NULL,NULL,45,41,273),(398,'U01','Woolstreet 33\r\n',6,200000,0,200000,NULL,0,'NOT_AVAILABLE',7,8,0,0,3,NULL,3,NULL,46,41,NULL),(399,'U04','Grassroad 54\r\n',4,125000,0,125000,NULL,0,'NOT_AVAILABLE',7,8,0,0,3,NULL,3,NULL,49,41,NULL),(400,'U10','Twiglane 48\r\n',2,70000,0,70000,119000,0,'NOT_AVAILABLE',7,8,8,8,3,NULL,3,NULL,55,41,NULL),(401,'N05','Twiglane 5\r\n\r\n\r\n',6,200000,0,195000,NULL,0,'NOT_AVAILABLE',10,8,0,0,3,NULL,3,NULL,33,41,NULL),(402,'D02','Stonelane 11\r\n\r\n',8,300000,0,300000,NULL,0,'NOT_AVAILABLE',10,6,0,0,NULL,NULL,NULL,NULL,37,41,NULL),(403,'D09','Brickroad 4\r\n\r\n',2,80000,0,80000,NULL,0,'NOT_AVAILABLE',10,6,0,0,NULL,NULL,NULL,NULL,44,41,NULL),(404,'U05','Grassroad 52\r\n\r\n',4,125000,0,125000,NULL,0,'NOT_AVAILABLE',7,8,0,0,3,NULL,3,NULL,50,41,NULL),(405,'U09','Twiglane 44\r\n\r\n',2,70000,0,70000,NULL,0,'NOT_AVAILABLE',7,8,0,0,3,NULL,3,NULL,54,41,NULL),(406,'N06','Leafstreet 28\r\n\r\n',3,100000,0,95000,100000,3,'OCCUPIED',10,8,12,9,3,NULL,NULL,NULL,34,41,271),(407,'D03','Stonelane 15\r\n\r\n',8,300000,0,300000,NULL,0,'NOT_AVAILABLE',10,6,0,0,NULL,NULL,NULL,NULL,38,41,NULL),(408,'D06','Steelstreet 25\r\n\r\n',5,160000,0,160000,NULL,0,'NOT_AVAILABLE',10,6,0,1,NULL,NULL,NULL,NULL,41,41,NULL),(409,'U02','Woolstreet 37\r\n\r\n',6,200000,0,200000,NULL,0,'NOT_AVAILABLE',7,8,1,0,3,NULL,3,NULL,47,41,NULL),(410,'U06','Grassroad 51\r\n\r\n',4,125000,0,125000,NULL,0,'NOT_AVAILABLE',7,8,1,0,3,NULL,3,NULL,51,41,NULL),(411,'N03','Stickroad 21\r\n\r\n',9,425000,0,425000,425000,3,'OCCUPIED',10,8,10,9,NULL,NULL,NULL,NULL,31,41,272),(412,'D07','Steelstreet 23\r\n\r\n',5,160000,0,160000,160000,2,'OCCUPIED',10,6,2,2,NULL,NULL,NULL,NULL,42,41,274),(413,'D08','Brickroad 8\r\n\r\n',2,80000,0,80000,NULL,5,'AVAILABLE',10,6,2,2,NULL,NULL,NULL,NULL,43,41,NULL),(414,'U03','Woolstreet 35\r\n\r\n',6,200000,0,200000,NULL,2,'AVAILABLE',7,8,1,1,NULL,NULL,NULL,NULL,48,41,NULL),(415,'U08','Twiglane 46\r\n\r\n',2,70000,0,70000,NULL,3,'AVAILABLE',7,8,2,1,NULL,NULL,NULL,NULL,53,41,NULL),(461,'N01','Stickroad 17',9,425000,0,423000,425000,4,'OCCUPIED',10,8,12,9,2,4,NULL,2,110,58,407),(462,'N04','Twiglane 8\r\n',6,200000,0,198000,200000,1,'OCCUPIED',10,8,11,8,2,4,NULL,NULL,113,58,405),(463,'N07','Leafstreet 26\r\n',3,100000,0,98000,110000,1,'OCCUPIED',10,8,11,8,2,4,NULL,NULL,116,58,410),(464,'D01','Stonelane 13\r\n',8,300000,0,298000,290000,0,'NOT_AVAILABLE',10,6,0,0,2,4,2,4,117,58,NULL),(465,'D04','Steelstreet 22\r\n',5,160000,0,158000,NULL,0,'NOT_AVAILABLE',10,6,0,0,2,4,2,4,120,58,NULL),(466,'D05','Steelstreet 20\r\n',5,160000,0,158000,150000,0,'NOT_AVAILABLE',10,6,0,0,2,4,2,4,121,58,NULL),(467,'D10','Brickroad 6\r\n',2,80000,0,78000,80000,1,'OCCUPIED',10,6,11,7,2,4,NULL,4,126,58,404),(468,'U01','Woolstreet 33\r\n',6,200000,0,190000,NULL,0,'NOT_AVAILABLE',7,8,0,0,4,4,4,4,127,58,NULL),(469,'U04','Grassroad 54\r\n',4,125000,0,115000,NULL,0,'NOT_AVAILABLE',7,8,0,0,4,4,4,4,130,58,NULL),(470,'U10','Twiglane 48\r\n',2,70000,0,60000,70000,0,'OCCUPIED',7,8,0,0,4,4,4,4,136,58,406),(471,'N01','Stickroad 17',9,425000,0,423000,NULL,0,'NOT_AVAILABLE',10,8,0,0,2,1,2,1,110,61,NULL),(472,'N04','Twiglane 8\r\n',6,200000,0,198000,200000,1,'OCCUPIED',10,8,11,8,2,1,2,NULL,113,61,429),(473,'N07','Leafstreet 26\r\n',3,100000,0,98000,NULL,0,'NOT_AVAILABLE',10,8,0,0,2,1,2,1,116,61,NULL),(474,'D01','Stonelane 13\r\n',8,300000,0,298000,306000,7,'OCCUPIED',10,6,11,7,2,1,NULL,1,117,61,431),(475,'D04','Steelstreet 22\r\n',5,160000,0,158000,155000,0,'AVAILABLE',10,6,10,7,2,1,2,1,120,61,NULL),(476,'D05','Steelstreet 20\r\n',5,160000,0,158000,160000,7,'OCCUPIED',10,6,11,6,2,1,NULL,1,121,61,433),(477,'D10','Brickroad 6\r\n',2,80000,0,78000,70000,0,'OCCUPIED',10,6,10,7,2,1,2,1,126,61,430),(478,'U01','Woolstreet 33\r\n',6,200000,0,190000,NULL,0,'NOT_AVAILABLE',7,8,0,0,4,1,4,1,127,61,NULL),(479,'U04','Grassroad 54\r\n',4,125000,0,115000,NULL,0,'NOT_AVAILABLE',7,8,0,0,4,1,4,1,130,61,NULL),(480,'U10','Twiglane 48\r\n',2,70000,0,60000,60000,0,'NOT_AVAILABLE',7,8,8,9,4,1,2,1,136,61,NULL),(491,'N01','Stickroad 17',9,425000,0,415000,NULL,0,'NOT_AVAILABLE',10,8,0,0,4,4,4,4,110,60,NULL),(492,'N04','Twiglane 8\r\n',6,200000,0,190000,200000,1,'OCCUPIED',10,8,11,8,4,4,4,3,113,60,421),(493,'N07','Leafstreet 26\r\n',3,100000,0,90000,138000,3,'OCCUPIED',10,8,10,9,4,4,4,3,116,60,425),(494,'D01','Stonelane 13\r\n',8,300000,0,290000,NULL,0,'NOT_AVAILABLE',10,6,0,0,4,4,4,4,117,60,NULL),(495,'D04','Steelstreet 22\r\n',5,160000,0,150000,160000,2,'NOT_AVAILABLE',10,6,10,7,4,4,4,4,120,60,NULL),(496,'D05','Steelstreet 20\r\n',5,160000,0,150000,160000,0,'NOT_AVAILABLE',10,6,0,0,4,4,4,4,121,60,NULL),(497,'D10','Brickroad 6\r\n',2,80000,0,70000,80000,0,'OCCUPIED',10,6,10,7,4,4,4,4,126,60,422),(498,'U01','Woolstreet 33\r\n',6,200000,0,190000,NULL,0,'NOT_AVAILABLE',7,8,0,0,4,4,4,4,127,60,NULL),(499,'U04','Grassroad 54\r\n',4,125000,0,115000,60000,1,'OCCUPIED',7,8,8,9,4,4,4,3,130,60,426),(500,'U10','Twiglane 48\r\n',2,70000,0,60000,70000,2,'NOT_AVAILABLE',7,8,7,9,4,4,4,3,136,60,NULL),(501,'N01','Stickroad 17',9,425000,0,415000,NULL,0,'NOT_AVAILABLE',10,8,0,0,4,4,4,4,110,56,NULL),(502,'N04','Twiglane 8\r\n',6,200000,0,190000,300000,7,'OCCUPIED',10,8,11,9,4,4,NULL,NULL,113,56,391),(503,'N07','Leafstreet 26\r\n',3,100000,0,90000,100000,5,'OCCUPIED',10,8,11,8,4,4,NULL,4,116,56,389),(504,'D01','Stonelane 13\r\n',8,300000,0,290000,NULL,0,'NOT_AVAILABLE',10,6,0,0,4,4,4,4,117,56,NULL),(505,'D04','Steelstreet 22\r\n',5,160000,0,150000,160000,5,'OCCUPIED',10,6,10,7,4,4,NULL,4,120,56,393),(506,'D05','Steelstreet 20\r\n',5,160000,0,150000,160000,0,'OCCUPIED',10,6,11,6,4,4,NULL,4,121,56,392),(507,'D10','Brickroad 6\r\n',2,80000,0,70000,80000,3,'OCCUPIED',10,6,11,7,4,4,NULL,4,126,56,388),(508,'U01','Woolstreet 33\r\n',6,200000,0,190000,NULL,0,'NOT_AVAILABLE',7,8,0,0,4,4,4,4,127,56,NULL),(509,'U04','Grassroad 54\r\n',4,125000,0,115000,125000,2,'NOT_AVAILABLE',7,8,7,9,4,4,4,4,130,56,NULL),(510,'U10','Twiglane 48\r\n',2,70000,0,60000,65000,0,'NOT_AVAILABLE',7,8,8,8,4,4,4,4,136,56,NULL),(511,'N01','Stickroad 17',9,425000,0,425000,NULL,0,'NOT_AVAILABLE',10,8,0,0,NULL,NULL,NULL,NULL,110,59,NULL),(512,'N04','Twiglane 8\r\n',6,200000,0,200000,200000,6,'OCCUPIED',10,8,10,9,NULL,NULL,NULL,NULL,113,59,417),(513,'N07','Leafstreet 26\r\n',3,100000,0,100000,100000,0,'OCCUPIED',10,8,11,9,NULL,NULL,NULL,NULL,116,59,412),(514,'D01','Stonelane 13\r\n',8,300000,0,300000,300000,7,'AVAILABLE',10,6,10,7,NULL,4,NULL,NULL,117,59,NULL),(515,'D04','Steelstreet 22\r\n',5,160000,0,160000,160000,5,'AVAILABLE',10,6,12,7,NULL,4,NULL,NULL,120,59,NULL),(516,'D05','Steelstreet 20\r\n',5,160000,0,160000,NULL,0,'NOT_AVAILABLE',10,6,0,0,NULL,4,NULL,4,121,59,NULL),(517,'D10','Brickroad 6\r\n',2,80000,0,80000,NULL,0,'NOT_AVAILABLE',10,6,0,0,NULL,4,NULL,4,126,59,NULL),(518,'U01','Woolstreet 33\r\n',6,200000,0,190000,NULL,0,'NOT_AVAILABLE',7,8,0,0,4,NULL,4,NULL,127,59,NULL),(519,'U04','Grassroad 54\r\n',4,125000,0,115000,125000,1,'OCCUPIED',7,8,8,8,4,NULL,4,NULL,130,59,416),(520,'U10','Twiglane 48\r\n',2,70000,0,60000,70000,0,'OCCUPIED',7,8,8,8,4,NULL,4,NULL,136,59,414),(521,'N05','Twiglane 5\r\n\r\n\r\n',6,200000,0,198000,NULL,0,'NOT_AVAILABLE',10,8,0,0,2,NULL,2,NULL,114,61,NULL),(522,'D02','Stonelane 11\r\n\r\n',8,300000,0,298000,NULL,0,'NOT_AVAILABLE',10,6,0,0,2,NULL,2,NULL,118,61,NULL),(523,'D09','Brickroad 4\r\n\r\n',2,80000,0,78000,NULL,0,'NOT_AVAILABLE',10,6,0,0,2,NULL,2,NULL,125,61,NULL),(524,'U05','Grassroad 52\r\n\r\n',4,125000,0,115000,NULL,0,'NOT_AVAILABLE',7,8,0,0,4,NULL,4,NULL,131,61,NULL),(525,'U09','Twiglane 44\r\n\r\n',2,70000,0,60000,NULL,0,'NOT_AVAILABLE',7,8,0,0,4,NULL,4,NULL,135,61,NULL),(526,'N05','Twiglane 5\r\n\r\n\r\n',6,200000,0,198000,NULL,0,'NOT_AVAILABLE',10,8,0,0,2,4,2,4,114,58,NULL),(527,'D02','Stonelane 11\r\n\r\n',8,300000,0,298000,NULL,0,'NOT_AVAILABLE',10,6,0,0,2,4,2,4,118,58,NULL),(528,'D09','Brickroad 4\r\n\r\n',2,80000,0,78000,NULL,0,'NOT_AVAILABLE',10,6,0,0,2,4,2,4,125,58,NULL),(529,'U05','Grassroad 52\r\n\r\n',4,125000,0,115000,NULL,0,'NOT_AVAILABLE',7,8,0,0,4,4,4,4,131,58,NULL),(530,'U09','Twiglane 44\r\n\r\n',2,70000,0,60000,NULL,0,'NOT_AVAILABLE',7,8,0,0,4,4,4,4,135,58,NULL),(531,'N05','Twiglane 5\r\n\r\n\r\n',6,200000,0,200000,NULL,0,'NOT_AVAILABLE',10,8,0,0,NULL,NULL,NULL,NULL,114,59,NULL),(532,'D02','Stonelane 11\r\n\r\n',8,300000,0,300000,NULL,0,'NOT_AVAILABLE',10,6,0,0,NULL,4,NULL,4,118,59,NULL),(533,'D09','Brickroad 4\r\n\r\n',2,80000,0,80000,NULL,0,'NOT_AVAILABLE',10,6,0,0,NULL,4,NULL,4,125,59,NULL),(534,'U05','Grassroad 52\r\n\r\n',4,125000,0,115000,NULL,0,'NOT_AVAILABLE',7,8,0,0,4,NULL,4,NULL,131,59,NULL),(535,'U09','Twiglane 44\r\n\r\n',2,70000,0,60000,NULL,0,'NOT_AVAILABLE',7,8,0,0,4,NULL,4,NULL,135,59,NULL),(536,'N06','Leafstreet 28\r\n\r\n',3,100000,0,100000,104000,0,'OCCUPIED',10,8,1,0,NULL,NULL,NULL,NULL,115,61,428),(537,'D03','Stonelane 15\r\n\r\n',8,300000,0,300000,NULL,0,'NOT_AVAILABLE',10,6,0,0,NULL,NULL,NULL,NULL,119,61,NULL),(538,'D06','Steelstreet 25\r\n\r\n',5,160000,0,160000,NULL,0,'NOT_AVAILABLE',10,6,0,1,NULL,NULL,NULL,NULL,122,61,NULL),(539,'U02','Woolstreet 37\r\n\r\n',6,200000,0,190000,NULL,0,'NOT_AVAILABLE',7,8,1,0,4,NULL,NULL,NULL,128,61,NULL),(540,'U06','Grassroad 51\r\n\r\n',4,125000,0,115000,NULL,0,'NOT_AVAILABLE',7,8,1,0,4,NULL,NULL,NULL,132,61,NULL),(541,'U07','Grassroad 53',4,125000,0,115000,NULL,1,'NOT_AVAILABLE',7,8,1,2,4,NULL,NULL,NULL,133,61,NULL),(542,'N05','Twiglane 5\r\n\r\n\r\n',6,200000,0,190000,200000,0,'AVAILABLE',10,8,0,0,4,4,4,4,114,60,NULL),(543,'D02','Stonelane 11\r\n\r\n',8,300000,0,290000,NULL,0,'NOT_AVAILABLE',10,6,0,0,4,4,4,4,118,60,NULL),(544,'D09','Brickroad 4\r\n\r\n',2,80000,0,70000,80000,7,'OCCUPIED',10,6,11,7,4,4,NULL,3,125,60,423),(545,'U05','Grassroad 52\r\n\r\n',4,125000,0,115000,NULL,0,'NOT_AVAILABLE',7,8,0,0,4,4,4,4,131,60,NULL),(546,'U09','Twiglane 44\r\n\r\n',2,70000,0,60000,70000,0,'OCCUPIED',7,8,8,8,4,4,4,3,135,60,420),(552,'N05','Twiglane 5\r\n\r\n\r\n',6,200000,0,190000,NULL,0,'NOT_AVAILABLE',10,8,0,0,4,4,4,4,114,56,NULL),(553,'D02','Stonelane 11\r\n\r\n',8,300000,0,290000,NULL,0,'NOT_AVAILABLE',10,6,0,0,4,4,4,4,118,56,NULL),(554,'D09','Brickroad 4\r\n\r\n',2,80000,0,70000,80000,6,'OCCUPIED',10,6,10,7,4,4,NULL,4,125,56,394),(555,'U05','Grassroad 52\r\n\r\n',4,125000,0,115000,NULL,0,'NOT_AVAILABLE',7,8,0,0,4,4,4,4,131,56,NULL),(556,'U09','Twiglane 44\r\n\r\n',2,70000,0,60000,NULL,0,'NOT_AVAILABLE',7,8,0,0,4,4,4,4,135,56,NULL),(563,'N06','Leafstreet 28\r\n\r\n',3,100000,0,100000,NULL,0,'NOT_AVAILABLE',10,8,1,0,NULL,4,NULL,4,115,58,NULL),(564,'D03','Stonelane 15\r\n\r\n',8,300000,0,300000,NULL,0,'NOT_AVAILABLE',10,6,0,0,NULL,4,NULL,4,119,58,NULL),(565,'D06','Steelstreet 25\r\n\r\n',5,160000,0,160000,NULL,0,'NOT_AVAILABLE',10,6,0,1,NULL,4,NULL,4,122,58,NULL),(566,'U02','Woolstreet 37\r\n\r\n',6,200000,0,190000,NULL,0,'NOT_AVAILABLE',7,8,1,0,4,4,3,4,128,58,NULL),(567,'U06','Grassroad 51\r\n\r\n',4,125000,0,115000,125000,4,'OCCUPIED',7,8,8,9,4,4,NULL,NULL,132,58,408),(568,'U07','Grassroad 53',4,125000,0,115000,125000,7,'OCCUPIED',7,8,8,9,4,4,NULL,NULL,133,58,409),(569,'N06','Leafstreet 28\r\n\r\n',3,100000,0,100000,NULL,0,'NOT_AVAILABLE',10,8,1,0,NULL,NULL,NULL,NULL,115,59,NULL),(570,'D03','Stonelane 15\r\n\r\n',8,300000,0,300000,NULL,0,'NOT_AVAILABLE',10,6,0,0,NULL,4,NULL,4,119,59,NULL),(571,'D06','Steelstreet 25\r\n\r\n',5,160000,0,160000,NULL,0,'NOT_AVAILABLE',10,6,0,1,NULL,4,NULL,4,122,59,NULL),(572,'U02','Woolstreet 37\r\n\r\n',6,200000,0,190000,NULL,0,'NOT_AVAILABLE',7,8,1,0,4,NULL,4,NULL,128,59,NULL),(573,'U06','Grassroad 51\r\n\r\n',4,125000,0,115000,NULL,0,'NOT_AVAILABLE',7,8,1,0,4,NULL,4,NULL,132,59,NULL),(574,'U07','Grassroad 53',4,125000,0,115000,NULL,1,'NOT_AVAILABLE',7,8,1,2,4,NULL,4,NULL,133,59,NULL),(575,'N02','Twiglane 7',6,200000,0,200000,200000,0,'OCCUPIED',10,8,11,8,NULL,NULL,NULL,NULL,111,61,432),(576,'N03','Stickroad 21\r\n\r\n',9,425000,0,425000,NULL,1,'AVAILABLE',10,8,1,1,NULL,NULL,NULL,NULL,112,61,NULL),(577,'D07','Steelstreet 23\r\n\r\n',5,160000,0,160000,NULL,1,'AVAILABLE',10,6,2,2,NULL,NULL,NULL,NULL,123,61,NULL),(578,'D08','Brickroad 8\r\n\r\n',2,80000,0,80000,NULL,5,'AVAILABLE',10,6,2,2,NULL,NULL,NULL,NULL,124,61,NULL),(579,'U03','Woolstreet 35\r\n\r\n',6,200000,0,190000,NULL,2,'AVAILABLE',7,8,1,1,4,NULL,NULL,NULL,129,61,NULL),(580,'U08','Twiglane 46\r\n\r\n',2,70000,0,60000,NULL,3,'AVAILABLE',7,8,2,1,4,NULL,NULL,NULL,134,61,NULL),(581,'N01','Stickroad 17',9,425000,0,425000,NULL,0,'NOT_AVAILABLE',10,8,0,0,NULL,2,NULL,2,110,57,NULL),(582,'N04','Twiglane 8\r\n',6,200000,0,200000,NULL,0,'NOT_AVAILABLE',10,8,0,0,NULL,2,NULL,2,113,57,NULL),(583,'N07','Leafstreet 26\r\n',3,100000,0,100000,100000,1,'OCCUPIED',10,8,10,9,NULL,2,NULL,NULL,116,57,396),(584,'D01','Stonelane 13\r\n',8,300000,0,300000,300000,7,'OCCUPIED',10,6,11,7,NULL,2,NULL,NULL,117,57,399),(585,'D04','Steelstreet 22\r\n',5,160000,0,160000,165000,0,'OCCUPIED',10,6,0,0,NULL,2,NULL,2,120,57,400),(586,'D05','Steelstreet 20\r\n',5,160000,0,160000,160000,6,'OCCUPIED',10,6,10,7,NULL,2,NULL,1,121,57,401),(587,'D10','Brickroad 6\r\n',2,80000,0,80000,81000,0,'OCCUPIED',10,6,11,6,NULL,2,NULL,2,126,57,398),(588,'U01','Woolstreet 33\r\n',6,200000,0,190000,NULL,0,'NOT_AVAILABLE',7,8,0,0,3,2,3,2,127,57,NULL),(589,'U04','Grassroad 54\r\n',4,125000,0,115000,115000,3,'AVAILABLE',7,8,9,9,3,2,NULL,NULL,130,57,NULL),(590,'U10','Twiglane 48\r\n',2,70000,0,60000,NULL,0,'NOT_AVAILABLE',7,8,0,0,3,2,3,2,136,57,NULL),(591,'N06','Leafstreet 28\r\n\r\n',3,100000,0,90000,NULL,0,'NOT_AVAILABLE',10,8,1,0,4,4,4,4,115,60,NULL),(592,'D03','Stonelane 15\r\n\r\n',8,300000,0,290000,NULL,0,'NOT_AVAILABLE',10,6,0,0,4,4,4,4,119,60,NULL),(593,'D06','Steelstreet 25\r\n\r\n',5,160000,0,150000,NULL,0,'NOT_AVAILABLE',10,6,0,1,4,4,4,4,122,60,NULL),(594,'U02','Woolstreet 37\r\n\r\n',6,200000,0,190000,NULL,0,'NOT_AVAILABLE',7,8,1,0,4,4,4,4,128,60,NULL),(595,'U06','Grassroad 51\r\n\r\n',4,125000,0,115000,NULL,0,'NOT_AVAILABLE',7,8,1,0,4,4,4,4,132,60,NULL),(596,'U07','Grassroad 53',4,125000,0,115000,NULL,1,'NOT_AVAILABLE',7,8,1,2,4,4,4,3,133,60,NULL),(597,'N02','Twiglane 7',6,200000,0,200000,200000,0,'OCCUPIED',10,8,11,8,NULL,NULL,NULL,NULL,111,59,413),(598,'N03','Stickroad 21\r\n\r\n',9,425000,0,425000,425000,3,'OCCUPIED',10,8,10,9,NULL,NULL,NULL,NULL,112,59,415),(599,'D07','Steelstreet 23\r\n\r\n',5,160000,0,160000,NULL,1,'AVAILABLE',10,6,2,2,NULL,4,NULL,NULL,123,59,NULL),(600,'D08','Brickroad 8\r\n\r\n',2,80000,0,80000,NULL,5,'AVAILABLE',10,6,2,2,NULL,4,NULL,NULL,124,59,NULL),(601,'U03','Woolstreet 35\r\n\r\n',6,200000,0,190000,NULL,2,'AVAILABLE',7,8,1,1,4,NULL,4,NULL,129,59,NULL),(602,'U08','Twiglane 46\r\n\r\n',2,70000,0,60000,NULL,3,'AVAILABLE',7,8,2,1,4,NULL,4,NULL,134,59,NULL),(603,'N06','Leafstreet 28\r\n\r\n',3,100000,0,90000,100000,0,'OCCUPIED',10,8,1,0,4,4,NULL,4,115,56,390),(604,'D03','Stonelane 15\r\n\r\n',8,300000,0,290000,NULL,0,'NOT_AVAILABLE',10,6,0,0,4,4,4,4,119,56,NULL),(605,'D06','Steelstreet 25\r\n\r\n',5,160000,0,150000,NULL,0,'NOT_AVAILABLE',10,6,0,1,4,4,4,4,122,56,NULL),(606,'U02','Woolstreet 37\r\n\r\n',6,200000,0,190000,NULL,0,'NOT_AVAILABLE',7,8,1,0,4,4,4,4,128,56,NULL),(607,'U06','Grassroad 51\r\n\r\n',4,125000,0,115000,NULL,0,'NOT_AVAILABLE',7,8,1,0,4,4,4,4,132,56,NULL),(608,'U07','Grassroad 53',4,125000,0,115000,NULL,1,'NOT_AVAILABLE',7,8,1,2,4,4,4,4,133,56,NULL),(609,'N02','Twiglane 7',6,200000,0,200000,NULL,0,'AVAILABLE',10,8,1,2,NULL,4,NULL,NULL,111,58,NULL),(610,'N03','Stickroad 21\r\n\r\n',9,425000,0,425000,NULL,1,'AVAILABLE',10,8,1,1,NULL,4,NULL,NULL,112,58,NULL),(611,'D07','Steelstreet 23\r\n\r\n',5,160000,0,160000,NULL,1,'AVAILABLE',10,6,2,2,NULL,4,NULL,4,123,58,NULL),(612,'D08','Brickroad 8\r\n\r\n',2,80000,0,80000,NULL,5,'AVAILABLE',10,6,2,2,NULL,4,NULL,4,124,58,NULL),(613,'U03','Woolstreet 35\r\n\r\n',6,200000,0,190000,NULL,2,'AVAILABLE',7,8,1,1,4,4,NULL,NULL,129,58,NULL),(614,'U08','Twiglane 46\r\n\r\n',2,70000,0,60000,NULL,3,'AVAILABLE',7,8,2,1,4,4,NULL,NULL,134,58,NULL),(615,'N02','Twiglane 7',6,200000,0,190000,NULL,0,'AVAILABLE',10,8,1,2,4,4,4,NULL,111,60,NULL),(616,'N03','Stickroad 21\r\n\r\n',9,425000,0,415000,NULL,1,'AVAILABLE',10,8,1,1,4,4,4,NULL,112,60,NULL),(617,'D07','Steelstreet 23\r\n\r\n',5,160000,0,150000,NULL,1,'AVAILABLE',10,6,2,2,4,4,4,4,123,60,NULL),(618,'D08','Brickroad 8\r\n\r\n',2,80000,0,70000,NULL,5,'AVAILABLE',10,6,2,2,4,4,4,4,124,60,NULL),(619,'U03','Woolstreet 35\r\n\r\n',6,200000,0,190000,NULL,2,'AVAILABLE',7,8,1,1,4,4,4,NULL,129,60,NULL),(620,'U08','Twiglane 46\r\n\r\n',2,70000,0,60000,70000,3,'OCCUPIED',7,8,2,1,4,4,4,NULL,134,60,424),(621,'N05','Twiglane 5\r\n\r\n\r\n',6,200000,0,200000,NULL,0,'NOT_AVAILABLE',10,8,0,0,NULL,2,NULL,2,114,57,NULL),(622,'D02','Stonelane 11\r\n\r\n',8,300000,0,300000,NULL,0,'NOT_AVAILABLE',10,6,0,0,NULL,2,NULL,2,118,57,NULL),(623,'D09','Brickroad 4\r\n\r\n',2,80000,0,80000,NULL,0,'NOT_AVAILABLE',10,6,0,0,NULL,2,NULL,2,125,57,NULL),(624,'U05','Grassroad 52\r\n\r\n',4,125000,0,115000,NULL,0,'NOT_AVAILABLE',7,8,0,0,3,2,3,2,131,57,NULL),(625,'U09','Twiglane 44\r\n\r\n',2,70000,0,60000,NULL,0,'NOT_AVAILABLE',7,8,0,0,3,2,3,2,135,57,NULL),(626,'N02','Twiglane 7',6,200000,0,190000,NULL,0,'AVAILABLE',10,8,1,2,4,4,NULL,4,111,56,NULL),(627,'N03','Stickroad 21\r\n\r\n',9,425000,0,415000,NULL,1,'AVAILABLE',10,8,1,1,4,4,NULL,4,112,56,NULL),(628,'D07','Steelstreet 23\r\n\r\n',5,160000,0,150000,NULL,1,'AVAILABLE',10,6,2,2,4,4,NULL,4,123,56,NULL),(629,'D08','Brickroad 8\r\n\r\n',2,80000,0,70000,NULL,5,'AVAILABLE',10,6,2,2,4,4,NULL,4,124,56,NULL),(630,'U03','Woolstreet 35\r\n\r\n',6,200000,0,190000,NULL,2,'AVAILABLE',7,8,1,1,4,4,4,4,129,56,NULL),(631,'U08','Twiglane 46\r\n\r\n',2,70000,0,60000,NULL,3,'AVAILABLE',7,8,2,1,4,4,4,4,134,56,NULL),(632,'N06','Leafstreet 28\r\n\r\n',3,100000,0,100000,100000,2,'OCCUPIED',10,8,10,9,NULL,NULL,NULL,NULL,115,57,397),(633,'D03','Stonelane 15\r\n\r\n',8,300000,0,300000,NULL,0,'AVAILABLE',10,6,0,0,NULL,NULL,NULL,NULL,119,57,NULL),(634,'D06','Steelstreet 25\r\n\r\n',5,160000,0,160000,NULL,0,'AVAILABLE',10,6,0,1,NULL,NULL,NULL,NULL,122,57,NULL),(635,'U02','Woolstreet 37\r\n\r\n',6,200000,0,190000,NULL,0,'AVAILABLE',7,8,1,0,3,NULL,NULL,NULL,128,57,NULL),(636,'U06','Grassroad 51\r\n\r\n',4,125000,0,115000,NULL,0,'AVAILABLE',7,8,1,0,3,NULL,NULL,NULL,132,57,NULL),(637,'U07','Grassroad 53',4,125000,0,115000,NULL,1,'AVAILABLE',7,8,1,2,3,NULL,NULL,NULL,133,57,NULL),(713,'N01','Stickroad 17',9,425000,0,425000,NULL,0,'AVAILABLE',10,8,0,0,NULL,NULL,NULL,NULL,29,39,NULL),(714,'N04','Twiglane 8\r\n',6,200000,0,200000,NULL,0,'AVAILABLE',10,8,0,0,NULL,NULL,NULL,NULL,32,39,NULL),(715,'N07','Leafstreet 26\r\n',3,100000,0,100000,NULL,0,'AVAILABLE',10,8,0,0,NULL,NULL,NULL,NULL,35,39,NULL),(716,'D01','Stonelane 13\r\n',8,300000,0,300000,NULL,0,'AVAILABLE',10,6,0,0,NULL,NULL,NULL,NULL,36,39,NULL),(717,'D04','Steelstreet 22\r\n',5,160000,0,160000,NULL,0,'AVAILABLE',10,6,0,0,NULL,NULL,NULL,NULL,39,39,NULL),(718,'D05','Steelstreet 20\r\n',5,160000,0,160000,NULL,0,'AVAILABLE',10,6,0,0,NULL,NULL,NULL,NULL,40,39,NULL),(719,'D10','Brickroad 6\r\n',2,80000,0,80000,NULL,0,'AVAILABLE',10,6,0,0,NULL,NULL,NULL,NULL,45,39,NULL),(720,'U01','Woolstreet 33\r\n',6,200000,0,200000,NULL,0,'AVAILABLE',7,8,0,0,NULL,NULL,NULL,NULL,46,39,NULL),(721,'U04','Grassroad 54\r\n',4,125000,0,125000,125000,0,'OCCUPIED',7,8,0,0,NULL,NULL,NULL,NULL,49,39,252),(722,'U10','Twiglane 48\r\n',2,70000,0,70000,NULL,0,'AVAILABLE',7,8,0,0,NULL,NULL,NULL,NULL,55,39,NULL);
/*!40000 ALTER TABLE `housegroup` ENABLE KEYS */;
UNLOCK TABLES;

--
-- Table structure for table `housemeasure`
--

DROP TABLE IF EXISTS `housemeasure`;
/*!40101 SET @saved_cs_client     = @@character_set_client */;
/*!40101 SET character_set_client = utf8 */;
CREATE TABLE `housemeasure` (
  `id` int(10) unsigned NOT NULL AUTO_INCREMENT,
  `bought_in_round` int(10) unsigned NOT NULL,
  `measuretype_id` int(10) unsigned NOT NULL,
  `housegroup_id` int(10) unsigned NOT NULL,
  `used_in_round` int(11) NOT NULL DEFAULT -1,
  PRIMARY KEY (`id`),
  UNIQUE KEY `id_UNIQUE` (`id`),
  KEY `fk_measure_measuretype1_idx` (`measuretype_id`),
  KEY `fk_measure_houseround1_idx` (`housegroup_id`),
  CONSTRAINT `fk_measure_houseround1` FOREIGN KEY (`housegroup_id`) REFERENCES `housegroup` (`id`) ON DELETE NO ACTION ON UPDATE NO ACTION,
  CONSTRAINT `fk_measure_measuretype1` FOREIGN KEY (`measuretype_id`) REFERENCES `measuretype` (`id`) ON DELETE NO ACTION ON UPDATE NO ACTION
) ENGINE=InnoDB AUTO_INCREMENT=379 DEFAULT CHARSET=utf8mb4 COLLATE=utf8mb4_general_ci;
/*!40101 SET character_set_client = @saved_cs_client */;

--
-- Dumping data for table `housemeasure`
--

LOCK TABLES `housemeasure` WRITE;
/*!40000 ALTER TABLE `housemeasure` DISABLE KEYS */;
INSERT INTO `housemeasure` VALUES (1,1,26,58,-1),(2,1,12,73,-1),(3,1,14,73,-1),(4,1,18,73,-1),(5,1,22,73,-1),(6,2,12,61,-1),(7,2,14,61,-1),(8,2,16,61,-1),(9,2,18,61,-1),(10,2,20,61,-1),(11,2,22,61,-1),(12,2,26,61,-1),(13,1,16,60,-1),(14,3,26,76,-1),(15,3,16,78,-1),(16,3,22,79,-1),(17,3,26,80,-1),(18,2,24,93,-1),(19,2,26,93,-1),(20,3,26,96,-1),(21,3,16,98,-1),(22,3,22,99,-1),(23,3,26,100,-1),(24,2,26,103,-1),(25,4,18,116,-1),(26,4,22,116,-1),(27,4,14,117,-1),(28,4,24,117,-1),(29,4,12,118,-1),(30,4,20,118,-1),(31,4,12,119,-1),(32,4,22,119,-1),(33,4,20,120,-1),(34,3,26,161,-1),(35,3,16,163,-1),(36,3,22,164,-1),(37,3,26,165,-1),(46,1,18,217,-1),(47,1,26,217,-1),(48,1,18,218,-1),(49,1,26,235,-1),(50,1,12,231,-1),(51,1,12,229,-1),(52,1,20,229,-1),(53,1,24,229,-1),(54,1,26,232,-1),(55,1,12,234,-1),(56,1,20,234,-1),(57,2,18,216,-1),(58,2,24,218,-1),(59,2,16,217,-1),(60,2,22,217,-1),(61,3,26,246,-1),(62,3,16,248,-1),(63,3,22,249,-1),(64,3,26,250,-1),(65,2,18,231,-1),(66,2,24,235,-1),(67,2,14,244,-1),(68,2,18,244,-1),(69,3,26,251,-1),(70,3,16,253,-1),(71,3,22,254,-1),(72,3,26,255,-1),(73,3,14,218,-1),(74,3,14,235,-1),(75,3,14,231,-1),(76,3,24,244,-1),(77,3,14,229,-1),(78,3,12,248,-1),(79,3,18,248,-1),(80,3,12,216,-1),(81,4,18,256,-1),(82,4,22,256,-1),(83,4,14,257,-1),(84,4,24,257,-1),(85,4,12,258,-1),(86,4,20,258,-1),(87,4,12,259,-1),(88,4,22,259,-1),(89,4,20,260,-1),(90,4,22,232,-1),(91,4,24,231,-1),(92,4,18,261,-1),(93,4,22,261,-1),(94,4,14,262,-1),(95,4,24,262,-1),(96,4,12,263,-1),(97,4,20,263,-1),(98,4,12,264,-1),(99,4,22,264,-1),(100,4,20,265,-1),(101,4,14,216,-1),(102,4,12,217,-1),(103,4,24,248,-1),(122,1,12,397,-1),(123,1,26,400,-1),(124,1,12,394,-1),(125,2,26,394,-1),(126,2,18,397,-1),(127,2,24,397,-1),(128,2,26,393,-1),(129,3,26,406,-1),(130,3,16,408,-1),(131,3,22,409,-1),(132,3,26,410,-1),(133,3,20,406,-1),(134,3,18,394,-1),(135,3,18,393,-1),(136,3,26,397,-1),(137,4,18,411,-1),(138,4,22,411,-1),(139,4,14,412,-1),(140,4,24,412,-1),(141,4,12,413,-1),(142,4,20,413,-1),(143,4,12,414,-1),(144,4,22,414,-1),(145,4,20,415,-1),(146,4,12,411,-1),(156,1,44,472,-1),(157,1,43,474,-1),(158,1,50,474,-1),(159,1,43,476,-1),(160,1,47,476,-1),(161,1,50,480,-1),(162,1,46,467,-1),(163,1,46,462,-1),(164,1,46,463,-1),(165,1,45,499,-1),(166,1,49,499,-1),(167,1,50,499,-1),(168,1,43,515,-1),(169,1,45,497,-1),(170,1,47,514,-1),(171,1,46,519,-1),(172,1,46,493,-1),(173,1,43,500,-1),(174,1,43,495,-1),(175,1,43,512,-1),(176,1,47,512,-1),(177,2,46,472,-1),(178,2,45,477,-1),(179,2,44,480,-1),(180,2,44,474,-1),(181,2,45,474,-1),(182,2,46,474,-1),(183,2,47,474,-1),(184,2,48,474,-1),(185,2,49,474,-1),(186,2,44,476,-1),(187,2,45,476,-1),(188,2,46,476,-1),(189,3,50,536,-1),(190,3,45,538,-1),(191,3,48,539,-1),(192,3,50,540,-1),(193,3,45,541,-1),(194,3,49,541,-1),(195,1,43,502,-1),(196,1,43,503,-1),(197,1,50,510,-1),(198,1,43,509,-1),(199,1,50,507,-1),(203,2,44,461,-1),(204,2,44,463,-1),(205,2,44,467,-1),(206,2,47,515,-1),(207,2,46,512,-1),(208,2,50,520,-1),(209,2,44,513,-1),(210,2,44,462,-1),(211,2,48,462,-1),(212,2,50,519,-1),(213,2,43,514,-1),(214,2,49,514,-1),(221,3,50,472,-1),(222,3,45,475,-1),(223,3,49,476,-1),(224,3,50,563,-1),(225,3,45,565,-1),(226,3,48,566,-1),(227,3,50,567,-1),(228,3,45,568,-1),(229,3,49,568,-1),(230,3,50,569,-1),(231,3,45,571,-1),(232,3,48,572,-1),(233,3,50,573,-1),(234,3,45,574,-1),(235,3,49,574,-1),(236,4,44,575,-1),(237,4,45,575,-1),(238,4,46,576,-1),(239,4,48,576,-1),(240,4,44,577,-1),(241,4,49,577,-1),(242,4,43,578,-1),(243,4,47,578,-1),(244,4,43,579,-1),(245,4,48,579,-1),(246,4,47,580,-1),(247,2,44,499,-1),(248,2,43,544,-1),(249,2,47,544,-1),(250,2,45,492,-1),(251,2,46,492,-1),(252,2,43,493,-1),(253,2,44,546,-1),(254,2,45,546,-1),(255,2,48,546,-1),(256,3,46,514,-1),(257,3,50,591,-1),(258,3,45,593,-1),(259,3,48,594,-1),(260,3,50,595,-1),(261,3,45,596,-1),(262,3,49,596,-1),(263,4,48,476,-1),(264,4,50,476,-1),(265,4,50,575,-1),(266,4,45,472,-1),(267,4,48,472,-1),(268,4,44,597,-1),(269,4,45,597,-1),(270,4,46,598,-1),(271,4,48,598,-1),(272,4,44,599,-1),(273,4,49,599,-1),(274,4,43,600,-1),(275,4,47,600,-1),(276,4,43,601,-1),(277,4,48,601,-1),(278,4,47,602,-1),(279,2,47,505,-1),(280,2,43,554,-1),(281,2,47,554,-1),(282,3,50,463,-1),(283,3,46,461,-1),(284,3,50,461,-1),(285,2,45,506,-1),(286,2,50,506,-1),(287,2,47,503,-1),(288,2,46,507,-1),(289,3,47,567,-1),(290,3,46,568,-1),(291,3,47,568,-1),(292,3,50,603,-1),(293,3,45,605,-1),(294,3,48,606,-1),(295,3,50,607,-1),(296,3,45,608,-1),(297,3,49,608,-1),(298,3,46,544,-1),(299,3,49,544,-1),(300,1,43,584,-1),(301,1,47,584,-1),(302,1,47,586,-1),(303,4,44,609,-1),(304,4,45,609,-1),(305,4,46,610,-1),(306,4,48,610,-1),(307,4,44,611,-1),(308,4,49,611,-1),(309,4,43,612,-1),(310,4,47,612,-1),(311,4,43,613,-1),(312,4,48,613,-1),(313,4,47,614,-1),(314,1,47,589,-1),(315,3,45,493,-1),(316,4,43,598,-1),(317,4,48,597,-1),(318,4,44,615,-1),(319,4,45,615,-1),(320,4,46,616,-1),(321,4,48,616,-1),(322,4,44,617,-1),(323,4,49,617,-1),(324,4,43,618,-1),(325,4,47,618,-1),(326,4,43,619,-1),(327,4,48,619,-1),(328,4,47,620,-1),(329,4,47,461,-1),(330,3,43,507,-1),(331,4,43,568,-1),(332,4,44,568,-1),(333,3,43,505,-1),(334,3,44,554,-1),(335,3,45,554,-1),(336,3,44,506,-1),(337,4,49,567,-1),(338,4,44,626,-1),(339,4,45,626,-1),(340,4,46,627,-1),(341,4,48,627,-1),(342,4,44,628,-1),(343,4,49,628,-1),(344,4,43,629,-1),(345,4,47,629,-1),(346,4,43,630,-1),(347,4,48,630,-1),(348,4,47,631,-1),(349,2,50,587,-1),(350,2,44,584,-1),(351,2,45,584,-1),(352,2,46,584,-1),(353,2,48,584,-1),(354,2,50,584,-1),(355,2,46,583,-1),(356,2,43,586,-1),(357,2,44,586,-1),(358,3,50,632,-1),(359,3,45,634,-1),(360,3,48,635,-1),(361,3,50,636,-1),(362,3,45,637,-1),(363,3,49,637,-1),(364,4,50,503,-1),(365,4,50,492,-1),(366,4,48,506,-1),(367,4,46,554,-1),(368,4,46,502,-1),(369,4,47,502,-1),(370,4,49,502,-1),(371,4,44,507,-1),(372,3,49,584,-1),(373,3,43,632,-1),(374,3,46,586,-1);
/*!40000 ALTER TABLE `housemeasure` ENABLE KEYS */;
UNLOCK TABLES;

--
-- Table structure for table `housetransaction`
--

DROP TABLE IF EXISTS `housetransaction`;
/*!40101 SET @saved_cs_client     = @@character_set_client */;
/*!40101 SET character_set_client = utf8 */;
CREATE TABLE `housetransaction` (
  `id` int(10) unsigned NOT NULL AUTO_INCREMENT,
  `timestamp` timestamp NULL DEFAULT current_timestamp(),
  `price` int(10) unsigned NOT NULL,
  `comment` varchar(45) NOT NULL,
  `transaction_status` varchar(24) NOT NULL,
  `housegroup_id` int(10) unsigned NOT NULL,
  `playerround_id` int(10) unsigned NOT NULL,
  `groupround_id` int(10) unsigned NOT NULL,
  PRIMARY KEY (`id`),
  UNIQUE KEY `id_UNIQUE` (`id`),
  KEY `fk_housetransaction_housegroup1_idx` (`housegroup_id`),
  KEY `fk_housetransaction_playerround1_idx` (`playerround_id`),
  KEY `fk_housetransaction_groupround1_idx` (`groupround_id`),
  CONSTRAINT `fk_housetransaction_groupround1` FOREIGN KEY (`groupround_id`) REFERENCES `groupround` (`id`) ON DELETE NO ACTION ON UPDATE NO ACTION,
  CONSTRAINT `fk_housetransaction_housegroup1` FOREIGN KEY (`housegroup_id`) REFERENCES `housegroup` (`id`) ON DELETE NO ACTION ON UPDATE NO ACTION,
  CONSTRAINT `fk_housetransaction_playerround1` FOREIGN KEY (`playerround_id`) REFERENCES `playerround` (`id`) ON DELETE NO ACTION ON UPDATE NO ACTION
) ENGINE=InnoDB AUTO_INCREMENT=396 DEFAULT CHARSET=utf8mb4 COLLATE=utf8mb4_general_ci;
/*!40101 SET character_set_client = @saved_cs_client */;

--
-- Dumping data for table `housetransaction`
--

LOCK TABLES `housetransaction` WRITE;
/*!40000 ALTER TABLE `housetransaction` DISABLE KEYS */;
INSERT INTO `housetransaction` VALUES (2,'2023-12-14 10:55:40',100000,'','APPROVED_BUY',13,77,14),(3,'2023-12-14 11:01:50',125000,'','REJECTED_BUY',19,79,14),(4,'2023-12-14 11:02:18',125000,'','APPROVED_BUY',19,79,14),(5,'2023-12-14 12:14:37',160000,'','APPROVED_BUY',16,81,14),(6,'2023-12-14 13:53:44',300000,'','APPROVED_BUY',14,83,14),(7,'2023-12-17 19:19:35',125000,'Wrong house chosen','REJECTED_BUY',19,90,14),(8,'2023-12-17 19:57:22',160000,'Wrong house chosen; cannot afford house!','REJECTED_BUY',16,92,14),(9,'2023-12-20 11:26:28',425000,'Ok!','APPROVED_BUY',11,88,14),(10,'2023-12-20 11:27:45',125000,'House not available','REJECTED_BUY',19,90,14),(11,'2023-12-20 16:12:11',70000,'','REJECTED_BUY',20,90,14),(12,'2023-12-20 17:46:07',80000,'','APPROVED_BUY',17,92,14),(13,'2023-12-20 17:47:40',200000,'','APPROVED_BUY',12,94,14),(14,'2023-12-20 18:54:43',70000,'','APPROVED_BUY',20,90,14),(15,'2023-12-20 20:15:46',100000,'','APPROVED_BUY',33,95,19),(16,'2023-12-20 20:16:14',125000,'','APPROVED_BUY',39,97,19),(17,'2023-12-20 20:16:35',160000,'','APPROVED_BUY',36,99,19),(18,'2023-12-20 20:17:21',200000,'','APPROVED_BUY',38,101,19),(19,'2023-12-20 20:17:51',425000,'','APPROVED_BUY',31,103,19),(20,'2023-12-20 20:34:20',200000,'','APPROVED_BUY',32,105,19),(21,'2023-12-20 20:38:38',80000,'','APPROVED_BUY',37,107,19),(22,'2023-12-21 10:32:25',300000,'','APPROVED_BUY',44,109,21),(23,'2023-12-21 10:33:35',125000,'Cannot afford','REJECTED_BUY',49,111,21),(24,'2023-12-21 10:36:42',80000,'','APPROVED_BUY',47,111,21),(25,'2023-12-21 10:45:44',160000,'','APPROVED_BUY',45,113,21),(26,'2023-12-21 10:50:14',425000,'Too expensive','REJECTED_BUY',41,115,21),(27,'2023-12-21 10:51:13',200000,'','APPROVED_BUY',48,115,21),(28,'2023-12-21 10:54:44',125000,'','APPROVED_BUY',49,117,21),(29,'2023-12-21 11:04:39',425000,'','APPROVED_BUY',41,119,21),(30,'2023-12-26 02:40:41',160000,'','REJECTED_BUY',55,124,23),(31,'2023-12-26 02:41:39',160000,'','REJECTED_BUY',55,124,23),(32,'2023-12-26 02:43:49',100000,'','REJECTED_BUY',53,125,23),(33,'2023-12-26 03:09:58',81000,'','REJECTED_BUY',57,125,23),(34,'2023-12-26 03:10:30',100000,'','APPROVED_BUY',53,125,23),(35,'2023-12-28 01:00:16',160000,'','APPROVED_BUY',55,124,23),(36,'2023-12-29 17:05:09',300000,'','APPROVED_BUY',54,121,23),(37,'2023-12-29 17:34:35',200000,'ok','APPROVED_BUY',58,127,23),(38,'2023-12-30 02:35:31',125000,'','APPROVED_BUY',59,129,23),(39,'2023-12-30 11:49:18',425000,'','APPROVED_BUY',51,131,23),(40,'2024-01-07 22:02:37',300000,'','APPROVED_SELL',54,134,25),(41,'2024-01-07 22:03:33',0,'','APPROVED_STAY',53,135,25),(42,'2024-01-08 00:57:21',300000,'t4p1 and t4p6 competed','APPROVED_BUY',69,141,27),(43,'2024-01-08 00:57:59',80000,'','APPROVED_BUY',72,142,27),(44,'2024-01-08 00:58:22',160000,'','APPROVED_BUY',70,144,27),(45,'2024-01-08 00:59:08',200000,'','APPROVED_BUY',67,146,27),(46,'2024-01-08 00:59:41',100000,'','APPROVED_BUY',68,148,27),(47,'2024-01-08 01:00:19',300000,'t4p1 and t4p6 competed','REJECTED_BUY',69,150,27),(48,'2024-01-08 01:01:18',200000,'','APPROVED_BUY',73,152,27),(49,'2024-01-08 01:02:35',70000,'','APPROVED_BUY',75,154,27),(50,'2024-01-08 01:03:14',425000,'','APPROVED_BUY',66,150,27),(51,'2024-01-08 02:23:49',0,'','REJECTED_STAY',55,137,25),(52,'2024-01-09 02:36:53',200000,'','APPROVED_BUY',61,134,25),(53,'2024-01-09 02:40:52',0,'','APPROVED_STAY',55,137,25),(54,'2024-01-09 02:42:05',200000,'','APPROVED_SELL',58,133,25),(55,'2024-01-09 02:44:03',200000,'','APPROVED_BUY',58,133,25),(56,'2024-01-09 02:45:54',0,'','APPROVED_STAY',59,136,25),(57,'2024-01-09 02:47:31',0,'','APPROVED_STAY',51,138,25),(58,'2024-01-29 16:11:22',125000,'','APPROVED_BUY',89,158,30),(59,'2024-01-29 16:31:55',125000,'Juliette does not really want to move...','REJECTED_SELL',89,159,31),(60,'2024-01-29 16:33:07',125000,'','APPROVED_SELL',89,159,31),(61,'2024-01-29 16:34:02',80000,'','APPROVED_BUY',93,159,31),(62,'2024-01-31 09:29:41',100000,'','APPROVED_BUY',103,161,34),(63,'2024-01-31 09:37:48',0,'','APPROVED_STAY',103,162,35),(64,'2024-02-12 02:55:40',100000,'','APPROVED_BUY',123,165,38),(65,'2024-02-19 08:34:56',100000,'','APPROVED_BUY',148,172,43),(66,'2024-03-04 10:10:56',0,'','APPROVED_STAY',148,173,44),(77,'2024-04-04 12:39:21',125000,'','APPROVED_BUY',234,211,59),(78,'2024-04-04 12:39:21',300000,'','APPROVED_BUY',229,200,59),(79,'2024-04-04 12:39:22',160000,'','APPROVED_BUY',231,202,59),(80,'2024-04-04 12:39:23',200000,'','APPROVED_BUY',217,209,58),(81,'2024-04-04 12:39:25',100000,'','APPROVED_BUY',218,205,58),(82,'2024-04-04 12:39:25',70000,'','APPROVED_BUY',225,206,58),(83,'2024-04-04 12:39:25',70000,'','APPROVED_BUY',235,203,59),(84,'2024-04-04 12:39:26',300000,'','APPROVED_BUY',219,199,58),(85,'2024-04-04 12:39:52',125000,'','APPROVED_BUY',224,207,58),(86,'2024-04-04 12:40:00',425000,'','APPROVED_BUY',216,208,58),(87,'2024-04-04 12:42:08',80000,'','APPROVED_BUY',232,201,59),(88,'2024-04-04 12:42:37',160000,'','APPROVED_BUY',230,204,59),(89,'2024-04-04 13:00:02',0,'','APPROVED_STAY',218,212,60),(90,'2024-04-04 13:00:02',0,'','APPROVED_STAY',216,217,60),(91,'2024-04-04 13:00:15',0,'','APPROVED_STAY',224,215,60),(92,'2024-04-04 13:00:18',0,'','APPROVED_STAY',225,214,60),(93,'2024-04-04 13:00:29',0,'','APPROVED_STAY',219,213,60),(94,'2024-04-04 13:01:45',0,'','REJECTED_STAY',217,216,60),(95,'2024-04-04 13:04:36',0,'','APPROVED_STAY',235,222,61),(96,'2024-04-04 13:04:37',0,'','APPROVED_STAY',232,221,61),(97,'2024-04-04 13:04:38',160000,'','APPROVED_SELL',230,220,61),(98,'2024-04-04 13:04:42',125000,'','REJECTED_SELL',234,223,61),(99,'2024-04-04 13:05:07',0,'','APPROVED_STAY',217,216,60),(100,'2024-04-04 13:05:58',0,'','APPROVED_STAY',229,218,61),(101,'2024-04-04 13:06:15',0,'','APPROVED_STAY',231,219,61),(102,'2024-04-04 13:08:47',0,'','APPROVED_STAY',234,223,61),(103,'2024-04-04 13:10:11',125000,'','APPROVED_BUY',244,220,61),(104,'2024-04-04 13:22:35',115000,'','APPROVED_SELL',224,226,62),(105,'2024-04-04 13:22:45',0,'','APPROVED_STAY',225,227,62),(106,'2024-04-04 13:22:46',0,'','APPROVED_STAY',218,225,62),(107,'2024-04-04 13:22:48',0,'','APPROVED_STAY',217,228,62),(108,'2024-04-04 13:22:48',0,'','APPROVED_STAY',216,224,62),(109,'2024-04-04 13:24:58',300000,'','APPROVED_SELL',219,229,62),(110,'2024-04-04 13:26:43',0,'','APPROVED_STAY',232,232,63),(111,'2024-04-04 13:26:44',0,'','APPROVED_STAY',235,231,63),(112,'2024-04-04 13:26:44',0,'','APPROVED_STAY',231,233,63),(113,'2024-04-04 13:26:45',0,'','APPROVED_STAY',244,230,63),(114,'2024-04-04 13:26:49',0,'','APPROVED_STAY',229,234,63),(115,'2024-04-04 13:27:01',100000,'','APPROVED_BUY',246,226,62),(116,'2024-04-04 13:27:08',160000,'','APPROVED_BUY',248,229,62),(117,'2024-04-04 13:27:19',0,'','APPROVED_STAY',234,235,63),(118,'2024-04-04 13:38:09',0,'','APPROVED_STAY',231,238,64),(119,'2024-04-04 13:38:09',0,'','APPROVED_STAY',232,239,64),(120,'2024-04-04 13:38:11',0,'','APPROVED_STAY',235,236,64),(121,'2024-04-04 13:38:13',0,'','APPROVED_STAY',244,237,64),(122,'2024-04-04 13:38:23',0,'','APPROVED_STAY',229,240,64),(123,'2024-04-04 13:38:26',0,'','APPROVED_STAY',234,241,64),(124,'2024-04-04 13:45:03',0,'','APPROVED_STAY',218,242,65),(125,'2024-04-04 13:45:04',0,'','APPROVED_STAY',225,243,65),(126,'2024-04-04 13:45:04',0,'','APPROVED_STAY',217,246,65),(127,'2024-04-04 13:45:07',0,'','REJECTED_STAY',246,244,65),(128,'2024-04-04 13:45:19',0,'','APPROVED_STAY',248,247,65),(129,'2024-04-04 13:48:15',0,'','APPROVED_STAY',216,245,65),(130,'2024-04-04 13:49:25',100000,'','APPROVED_SELL',246,244,65),(131,'2024-04-04 13:50:08',70000,'','APPROVED_BUY',265,244,65),(145,'2024-04-07 05:58:02',300000,'','APPROVED_BUY',374,282,92),(146,'2024-04-07 13:30:10',70000,'','APPROVED_BUY',390,284,93),(147,'2024-04-08 09:46:12',100000,'','APPROVED_BUY',393,291,95),(148,'2024-04-08 09:46:16',70000,'','APPROVED_BUY',400,292,95),(149,'2024-04-08 09:46:16',300000,'','APPROVED_BUY',394,289,95),(150,'2024-04-08 09:46:25',80000,'','APPROVED_BUY',397,290,95),(151,'2024-04-08 10:14:43',0,'','APPROVED_STAY',393,296,96),(152,'2024-04-08 10:14:46',0,'','APPROVED_STAY',400,293,96),(153,'2024-04-08 10:14:49',0,'','APPROVED_STAY',397,295,96),(154,'2024-04-08 10:14:58',0,'','APPROVED_STAY',394,294,96),(155,'2024-04-08 10:42:43',0,'','APPROVED_STAY',393,299,97),(156,'2024-04-08 10:42:52',0,'','APPROVED_STAY',397,297,97),(157,'2024-04-08 10:42:57',119000,'','APPROVED_SELL',400,298,97),(158,'2024-04-08 10:43:24',0,'','APPROVED_STAY',394,300,97),(159,'2024-04-08 10:45:30',100000,'','APPROVED_BUY',406,298,97),(160,'2024-04-08 11:12:15',90000,'','APPROVED_SELL',393,301,98),(161,'2024-04-08 11:12:18',0,'','APPROVED_STAY',406,303,98),(162,'2024-04-08 11:12:24',0,'','APPROVED_STAY',397,302,98),(163,'2024-04-08 11:13:12',300000,'','APPROVED_SELL',394,304,98),(164,'2024-04-08 11:14:36',160000,'','APPROVED_BUY',412,301,98),(165,'2024-04-08 11:14:41',425000,'','APPROVED_BUY',411,304,98),(177,'2024-04-11 09:01:28',100000,'','REJECTED_BUY',463,361,115),(178,'2024-04-11 09:02:11',80000,'','APPROVED_BUY',477,372,116),(179,'2024-04-11 09:02:16',100000,'','REJECTED_BUY',463,363,115),(180,'2024-04-11 09:02:19',160000,'','APPROVED_BUY',466,360,115),(181,'2024-04-11 09:02:22',200000,'','APPROVED_BUY',472,374,116),(182,'2024-04-11 09:02:24',300000,'','APPROVED_BUY',464,367,115),(183,'2024-04-11 09:03:03',425000,'','APPROVED_BUY',461,355,115),(184,'2024-04-11 09:03:06',160000,'','APPROVED_BUY',475,369,116),(185,'2024-04-11 09:03:18',70000,'','APPROVED_BUY',480,373,116),(186,'2024-04-11 09:04:06',200000,'','APPROVED_BUY',462,365,115),(187,'2024-04-11 09:04:12',306000,'','APPROVED_BUY',474,371,116),(188,'2024-04-11 09:04:50',70000,'','APPROVED_BUY',470,361,115),(195,'2024-04-11 09:05:21',80000,'','APPROVED_BUY',467,364,115),(196,'2024-04-11 09:05:38',160000,'','APPROVED_BUY',476,370,116),(197,'2024-04-11 09:05:44',110000,'','APPROVED_BUY',463,363,115),(200,'2024-04-11 09:12:41',200000,'','APPROVED_BUY',512,402,120),(201,'2024-04-11 09:12:41',100000,'','APPROVED_BUY',513,401,120),(202,'2024-04-11 09:12:44',300000,'','APPROVED_BUY',514,403,120),(204,'2024-04-11 09:12:55',100000,'','APPROVED_BUY',503,391,119),(205,'2024-04-11 09:12:58',160000,'','APPROVED_BUY',505,389,119),(206,'2024-04-11 09:13:00',70000,'','REJECTED_BUY',510,393,119),(207,'2024-04-11 09:13:03',70000,'','APPROVED_BUY',510,392,119),(208,'2024-04-11 09:13:04',70000,'','APPROVED_BUY',520,400,120),(209,'2024-04-11 09:13:05',160000,'','APPROVED_BUY',515,399,120),(210,'2024-04-11 09:13:05',425000,'','REJECTED_BUY',501,396,119),(211,'2024-04-11 09:13:17',160000,'','APPROVED_BUY',506,406,119),(212,'2024-04-11 09:13:24',5000,'','REJECTED_BUY',519,404,120),(213,'2024-04-11 09:13:44',200000,'','REJECTED_BUY',502,390,119),(214,'2024-04-11 09:13:54',60000,'','APPROVED_BUY',499,385,118),(215,'2024-04-11 09:13:56',160000,'','APPROVED_BUY',496,397,118),(216,'2024-04-11 09:13:56',200000,'','APPROVED_BUY',492,386,118),(217,'2024-04-11 09:13:57',70000,'','APPROVED_BUY',500,395,118),(218,'2024-04-11 09:13:58',80000,'','APPROVED_BUY',497,394,118),(219,'2024-04-11 09:13:58',160000,'','APPROVED_BUY',495,388,118),(220,'2024-04-11 09:13:58',138000,'','APPROVED_BUY',493,398,118),(222,'2024-04-11 09:14:14',125000,'','APPROVED_BUY',519,404,120),(224,'2024-04-11 09:16:31',80000,'','APPROVED_BUY',507,393,119),(225,'2024-04-11 09:18:19',0,'','APPROVED_STAY',472,412,121),(226,'2024-04-11 09:18:21',0,'','APPROVED_STAY',477,409,121),(227,'2024-04-11 09:18:21',0,'','APPROVED_STAY',476,411,121),(229,'2024-04-11 09:18:29',0,'','APPROVED_STAY',475,408,121),(230,'2024-04-11 09:18:34',0,'','APPROVED_STAY',480,410,121),(231,'2024-04-11 09:18:37',0,'','APPROVED_STAY',474,407,121),(233,'2024-04-11 09:20:52',125000,'','APPROVED_BUY',509,390,119),(234,'2024-04-11 09:22:16',200000,'','REJECTED_BUY',502,396,119),(235,'2024-04-11 09:22:53',300000,'','REJECTED_BUY',504,396,119),(236,'2024-04-11 09:23:55',300000,'Bid with player t1p6 (160k), t1p4 (300k)','APPROVED_BUY',502,396,119),(239,'2024-04-11 09:28:05',0,'','APPROVED_STAY',464,415,122),(240,'2024-04-11 09:28:05',0,'','APPROVED_STAY',470,414,122),(241,'2024-04-11 09:28:05',0,'','APPROVED_STAY',463,417,122),(242,'2024-04-11 09:28:10',0,'','APPROVED_STAY',466,413,122),(243,'2024-04-11 09:28:15',0,'','APPROVED_STAY',461,419,122),(244,'2024-04-11 09:28:31',0,'','APPROVED_STAY',467,416,122),(245,'2024-04-11 09:28:44',0,'','APPROVED_STAY',462,418,122),(246,'2024-04-11 09:31:11',0,'','APPROVED_STAY',515,421,123),(247,'2024-04-11 09:31:13',0,'','APPROVED_STAY',520,420,123),(248,'2024-04-11 09:31:18',0,'','APPROVED_STAY',514,422,123),(249,'2024-04-11 09:31:23',0,'','APPROVED_STAY',519,425,123),(250,'2024-04-11 09:31:27',0,'','APPROVED_STAY',512,423,123),(251,'2024-04-11 09:31:29',0,'','APPROVED_STAY',513,424,123),(252,'2024-04-11 09:31:34',0,'','APPROVED_STAY',472,429,124),(253,'2024-04-11 09:31:40',60000,'','APPROVED_SELL',480,431,124),(254,'2024-04-11 09:31:48',0,'','APPROVED_STAY',474,428,124),(255,'2024-04-11 09:31:51',0,'','APPROVED_STAY',475,427,124),(256,'2024-04-11 09:32:47',0,'','APPROVED_STAY',476,426,124),(257,'2024-04-11 09:32:49',60000,'','REJECTED_SELL',477,430,124),(258,'2024-04-11 09:33:31',70000,'','APPROVED_SELL',477,430,124),(259,'2024-04-11 09:34:00',100000,'','REJECTED_BUY',536,431,124),(260,'2024-04-11 09:34:00',100000,'','REJECTED_BUY',536,430,124),(261,'2024-04-11 09:35:16',200000,'','APPROVED_SELL',492,435,125),(262,'2024-04-11 09:35:19',0,'','APPROVED_STAY',499,434,125),(263,'2024-04-11 09:35:29',200000,'','REJECTED_SELL',496,437,125),(264,'2024-04-11 09:35:36',0,'','APPROVED_STAY',497,433,125),(265,'2024-04-11 09:35:54',190000,'','REJECTED_SELL',495,432,125),(266,'2024-04-11 09:36:02',85000,'','REJECTED_SELL',500,436,125),(267,'2024-04-11 09:36:05',70000,'','APPROVED_BUY',477,430,124),(268,'2024-04-11 09:36:07',104000,'','APPROVED_BUY',536,431,124),(269,'2024-04-11 09:36:30',0,'','APPROVED_STAY',493,438,125),(270,'2024-04-11 09:38:23',160000,'','APPROVED_SELL',505,444,127),(271,'2024-04-11 09:38:25',0,'','APPROVED_STAY',503,443,127),(272,'2024-04-11 09:38:26',0,'','APPROVED_STAY',502,440,127),(273,'2024-04-11 09:38:28',0,'','APPROVED_STAY',506,442,127),(274,'2024-04-11 09:38:35',70000,'','APPROVED_SELL',500,436,125),(275,'2024-04-11 09:39:02',160000,'','APPROVED_SELL',495,432,125),(276,'2024-04-11 09:39:37',160000,'','APPROVED_SELL',496,437,125),(277,'2024-04-11 09:39:56',80000,'','APPROVED_BUY',544,436,125),(278,'2024-04-11 09:40:00',70000,'','APPROVED_BUY',546,435,125),(279,'2024-04-11 09:40:29',130000,'','REJECTED_BUY',542,437,125),(280,'2024-04-11 09:40:37',200000,'','APPROVED_BUY',492,432,125),(281,'2024-04-11 09:41:38',200000,'','APPROVED_BUY',542,437,125),(282,'2024-04-11 09:42:46',0,'','APPROVED_STAY',470,447,129),(283,'2024-04-11 09:42:46',0,'','APPROVED_STAY',461,452,129),(284,'2024-04-11 09:42:46',290000,'','APPROVED_SELL',464,446,129),(285,'2024-04-11 09:42:47',0,'','APPROVED_STAY',467,449,129),(286,'2024-04-11 09:42:49',0,'','APPROVED_STAY',463,448,129),(287,'2024-04-11 09:42:49',0,'','APPROVED_STAY',462,450,129),(288,'2024-04-11 09:43:45',150000,'','APPROVED_SELL',466,451,129),(289,'2024-04-11 09:44:02',0,'','APPROVED_STAY',520,458,130),(290,'2024-04-11 09:44:03',0,'','APPROVED_STAY',515,457,130),(291,'2024-04-11 09:44:05',0,'','APPROVED_STAY',514,454,130),(292,'2024-04-11 09:44:08',0,'','APPROVED_STAY',512,453,130),(293,'2024-04-11 09:44:35',0,'','APPROVED_STAY',519,456,130),(294,'2024-04-11 09:44:38',0,'','APPROVED_STAY',513,455,130),(295,'2024-04-11 09:45:17',0,'','APPROVED_STAY',472,463,131),(296,'2024-04-11 09:45:18',0,'','APPROVED_STAY',536,459,131),(297,'2024-04-11 09:45:24',0,'','APPROVED_STAY',477,461,131),(298,'2024-04-11 09:45:26',0,'','APPROVED_STAY',474,462,131),(299,'2024-04-11 09:45:27',125000,'','REJECTED_BUY',567,446,129),(300,'2024-04-11 09:45:33',0,'','APPROVED_STAY',476,460,131),(301,'2024-04-11 09:45:56',125000,'','REJECTED_BUY',567,451,129),(302,'2024-04-11 09:46:10',0,'','APPROVED_STAY',507,439,127),(303,'2024-04-11 09:46:26',155000,'','APPROVED_SELL',475,464,131),(304,'2024-04-11 09:47:10',200000,'','APPROVED_BUY',575,464,131),(305,'2024-04-11 09:47:12',125000,'','APPROVED_BUY',568,446,129),(306,'2024-04-11 09:47:18',125000,'','APPROVED_SELL',509,441,127),(307,'2024-04-11 09:48:32',160000,'','APPROVED_BUY',505,441,127),(308,'2024-04-11 09:48:34',300000,'','APPROVED_BUY',584,475,133),(309,'2024-04-11 09:48:35',100000,'','APPROVED_BUY',583,471,133),(310,'2024-04-11 09:48:36',160000,'won bidding, changes price','REJECTED_BUY',585,474,133),(311,'2024-04-11 09:48:38',0,'','APPROVED_STAY',510,445,127),(312,'2024-04-11 09:48:38',80000,'lost bidding','REJECTED_BUY',587,476,133),(313,'2024-04-11 09:48:39',80000,'lost bidding, changes price','REJECTED_BUY',587,472,133),(314,'2024-04-11 09:48:40',80000,'','APPROVED_BUY',554,444,127),(315,'2024-04-11 09:48:43',125000,'','APPROVED_BUY',567,451,129),(316,'2024-04-11 09:48:47',160000,'lost bidding','REJECTED_BUY',585,473,133),(317,'2024-04-11 09:51:31',0,'','APPROVED_STAY',499,482,134),(318,'2024-04-11 09:51:47',0,'','APPROVED_STAY',513,488,135),(319,'2024-04-11 09:51:58',300000,'','APPROVED_SELL',514,485,135),(320,'2024-04-11 09:52:00',0,'','APPROVED_STAY',542,480,134),(321,'2024-04-11 09:52:02',300000,'','REJECTED_SELL',519,489,135),(322,'2024-04-11 09:52:08',160000,'','APPROVED_SELL',515,484,135),(323,'2024-04-11 09:52:11',0,'','APPROVED_STAY',520,487,135),(324,'2024-04-11 09:52:21',0,'','APPROVED_STAY',512,486,135),(325,'2024-04-11 09:52:22',0,'','APPROVED_STAY',546,477,134),(326,'2024-04-11 09:52:23',165000,'','APPROVED_BUY',585,474,133),(327,'2024-04-11 09:52:23',81000,'','APPROVED_BUY',587,472,133),(328,'2024-04-11 09:53:00',0,'','APPROVED_STAY',493,479,134),(329,'2024-04-11 09:53:06',125000,'','APPROVED_BUY',589,476,133),(330,'2024-04-11 09:53:10',0,'','APPROVED_STAY',544,478,134),(331,'2024-04-11 09:53:11',160000,'','APPROVED_BUY',586,473,133),(332,'2024-04-11 09:53:19',0,'','APPROVED_STAY',492,481,134),(333,'2024-04-11 09:53:21',0,'','APPROVED_STAY',497,483,134),(334,'2024-04-11 09:54:00',0,'','APPROVED_STAY',519,489,135),(335,'2024-04-11 09:54:17',425000,'','APPROVED_BUY',598,485,135),(336,'2024-04-11 09:55:18',200000,'','APPROVED_BUY',597,484,135),(337,'2024-04-11 09:55:30',0,'','APPROVED_STAY',554,490,136),(338,'2024-04-11 09:55:32',0,'','APPROVED_STAY',507,491,136),(339,'2024-04-11 09:55:32',0,'','APPROVED_STAY',503,493,136),(340,'2024-04-11 09:55:49',65000,'','APPROVED_SELL',510,495,136),(341,'2024-04-11 09:55:57',0,'','APPROVED_STAY',506,496,136),(342,'2024-04-11 09:56:49',0,'','APPROVED_STAY',505,492,136),(343,'2024-04-11 09:57:18',0,'','APPROVED_STAY',502,494,136),(344,'2024-04-11 09:57:57',0,'','APPROVED_STAY',568,497,137),(345,'2024-04-11 09:57:58',0,'','APPROVED_STAY',462,498,137),(346,'2024-04-11 09:58:00',0,'','APPROVED_STAY',463,500,137),(347,'2024-04-11 09:58:01',0,'','APPROVED_STAY',567,503,137),(348,'2024-04-11 09:58:02',0,'','APPROVED_STAY',467,499,137),(349,'2024-04-11 09:58:02',0,'','APPROVED_STAY',470,501,137),(350,'2024-04-11 09:58:04',0,'','APPROVED_STAY',461,502,137),(351,'2024-04-11 09:58:20',100000,'','APPROVED_BUY',603,495,136),(352,'2024-04-11 09:58:49',0,'','APPROVED_STAY',546,509,138),(353,'2024-04-11 09:58:49',0,'','APPROVED_STAY',544,508,138),(354,'2024-04-11 09:59:09',0,'','APPROVED_STAY',493,504,138),(355,'2024-04-11 09:59:45',250000,'Too high bid','REJECTED_SELL',499,510,138),(356,'2024-04-11 10:00:21',0,'','APPROVED_STAY',584,513,139),(357,'2024-04-11 10:00:21',0,'','APPROVED_STAY',585,511,139),(358,'2024-04-11 10:00:22',0,'','APPROVED_STAY',583,512,139),(359,'2024-04-11 10:00:23',0,'','APPROVED_STAY',587,514,139),(360,'2024-04-11 10:00:25',0,'','APPROVED_STAY',586,516,139),(361,'2024-04-11 10:01:07',0,'','APPROVED_STAY',589,515,139),(362,'2024-04-11 10:02:01',200000,'','APPROVED_SELL',542,507,138),(363,'2024-04-11 10:02:45',70000,'','APPROVED_BUY',620,507,138),(364,'2024-04-11 10:03:11',0,'','APPROVED_STAY',497,506,138),(365,'2024-04-11 10:03:28',175000,'market price is 125k','REJECTED_SELL',499,510,138),(366,'2024-04-11 10:03:29',0,'','APPROVED_STAY',554,517,140),(367,'2024-04-11 10:03:31',0,'','APPROVED_STAY',505,521,140),(368,'2024-04-11 10:03:33',0,'','APPROVED_STAY',506,518,140),(369,'2024-04-11 10:03:33',0,'','APPROVED_STAY',492,505,138),(370,'2024-04-11 10:03:34',0,'','APPROVED_STAY',603,522,140),(371,'2024-04-11 10:03:37',0,'','APPROVED_STAY',507,520,140),(372,'2024-04-11 10:03:38',0,'','APPROVED_STAY',503,519,140),(373,'2024-04-11 10:03:50',0,'','APPROVED_STAY',502,523,140),(374,'2024-04-11 10:04:09',0,'','APPROVED_STAY',499,510,138),(375,'2024-04-11 10:06:35',0,'','APPROVED_STAY',583,525,141),(376,'2024-04-11 10:06:37',0,'','APPROVED_STAY',584,526,141),(377,'2024-04-11 10:06:40',0,'','APPROVED_STAY',585,527,141),(378,'2024-04-11 10:06:40',0,'','APPROVED_STAY',585,527,141),(379,'2024-04-11 10:06:41',150000,'price too high','REJECTED_SELL',589,524,141),(380,'2024-04-11 10:07:17',0,'','APPROVED_STAY',587,528,141),(381,'2024-04-11 10:07:42',115000,'','APPROVED_SELL',589,524,141),(382,'2024-04-11 10:07:49',0,'','APPROVED_STAY',586,529,141),(383,'2024-04-11 10:08:35',100000,'','APPROVED_BUY',632,524,141),(393,'2024-09-14 02:59:48',200000,'','REJECTED_BUY',720,550,160),(394,'2024-09-14 03:00:28',200000,'','REJECTED_BUY',714,550,160),(395,'2024-09-14 03:01:30',125000,'','APPROVED_BUY',721,550,160);
/*!40000 ALTER TABLE `housetransaction` ENABLE KEYS */;
UNLOCK TABLES;

--
-- Table structure for table `initialhousemeasure`
--

DROP TABLE IF EXISTS `initialhousemeasure`;
/*!40101 SET @saved_cs_client     = @@character_set_client */;
/*!40101 SET character_set_client = utf8 */;
CREATE TABLE `initialhousemeasure` (
  `id` int(10) unsigned NOT NULL AUTO_INCREMENT,
  `name` varchar(45) NOT NULL,
  `round_number` int(10) unsigned NOT NULL,
  `measuretype_id` int(10) unsigned NOT NULL,
  `house_id` int(10) unsigned NOT NULL,
  PRIMARY KEY (`id`),
  UNIQUE KEY `id_UNIQUE` (`id`),
  KEY `fk_initialhousemeasure_measuretype1_idx` (`measuretype_id`),
  KEY `fk_initialhousemeasure_house1_idx` (`house_id`),
  CONSTRAINT `fk_initialhousemeasure_house1` FOREIGN KEY (`house_id`) REFERENCES `house` (`id`) ON DELETE NO ACTION ON UPDATE NO ACTION,
  CONSTRAINT `fk_initialhousemeasure_measuretype1` FOREIGN KEY (`measuretype_id`) REFERENCES `measuretype` (`id`) ON DELETE NO ACTION ON UPDATE NO ACTION
) ENGINE=InnoDB AUTO_INCREMENT=91 DEFAULT CHARSET=utf8mb4 COLLATE=utf8mb4_general_ci;
/*!40101 SET character_set_client = @saved_cs_client */;

--
-- Dumping data for table `initialhousemeasure`
--

LOCK TABLES `initialhousemeasure` WRITE;
/*!40000 ALTER TABLE `initialhousemeasure` DISABLE KEYS */;
INSERT INTO `initialhousemeasure` VALUES (1,'U06 sandbags',2,26,51),(2,'U02 bulkhead',2,22,47),(3,'D06 water pump',1,16,41),(4,'N06 sandbags',2,26,34),(5,'U02 ground level',2,20,53),(6,'U03 green garden',1,12,48),(7,'U03 bulkhead',3,22,48),(8,'D08 Green Garden',2,12,43),(9,'D08 Ground Level',2,20,43),(10,'N03 Rail Barrel',3,18,31),(11,'N03 Bulkhead',3,22,31),(12,'D07 steel walls',3,14,42),(13,'D07 water resist',1,24,42),(14,'N02 steel walls',4,14,30),(15,'N02 water pump',4,16,30),(16,'U07 water pump',3,16,52),(17,'U07 bulkhead',4,22,52),(18,'U07 walls floors',3,24,52),(37,'N02 steel walls',4,36,84),(38,'N02 water pump',4,37,84),(39,'N03 Rail Barrel',3,38,85),(40,'N03 Bulkhead',3,40,85),(41,'N06 sandbags',2,42,88),(42,'D06 water pump',1,37,95),(43,'D07 steel walls',3,36,96),(44,'D07 water resist',1,41,96),(45,'D08 Green Garden',2,35,97),(46,'D08 Ground Level',2,39,97),(47,'U02 bulkhead',2,40,101),(48,'U03 green garden',1,35,102),(49,'U03 bulkhead',3,40,102),(50,'U06 sandbags',2,42,105),(51,'U07 water pump',3,37,106),(52,'U07 bulkhead',4,40,106),(53,'U07 walls floors',3,41,106),(54,'U02 ground level',2,39,107),(55,'N02 steel walls',4,44,111),(56,'N02 water pump',4,45,111),(57,'N03 Rail Barrel',3,46,112),(58,'N03 Bulkhead',3,48,112),(59,'N06 sandbags',2,50,115),(60,'D06 water pump',1,45,122),(61,'D07 steel walls',3,44,123),(62,'D07 water resist',1,49,123),(63,'D08 Green Garden',2,43,124),(64,'D08 Ground Level',2,47,124),(65,'U02 bulkhead',2,48,128),(66,'U03 green garden',1,43,129),(67,'U03 bulkhead',3,48,129),(68,'U06 sandbags',2,50,132),(69,'U07 water pump',3,45,133),(70,'U07 bulkhead',4,48,133),(71,'U07 walls floors',3,49,133),(72,'U02 ground level',2,47,134),(73,'N02 steel walls',4,56,138),(74,'N02 water pump',4,57,138),(75,'N03 Rail Barrel',3,58,139),(76,'N03 Bulkhead',3,60,139),(77,'N06 sandbags',2,62,142),(78,'D06 water pump',1,57,149),(79,'D07 steel walls',3,56,150),(80,'D07 water resist',1,61,150),(81,'D08 Green Garden',2,55,151),(82,'D08 Ground Level',2,59,151),(83,'U02 bulkhead',2,60,155),(84,'U03 green garden',1,55,156),(85,'U03 bulkhead',3,60,156),(86,'U06 sandbags',2,62,159),(87,'U07 water pump',3,57,160),(88,'U07 bulkhead',4,60,160),(89,'U07 walls floors',3,61,160),(90,'U02 ground level',2,59,161);
/*!40000 ALTER TABLE `initialhousemeasure` ENABLE KEYS */;
UNLOCK TABLES;

--
-- Table structure for table `label`
--

DROP TABLE IF EXISTS `label`;
/*!40101 SET @saved_cs_client     = @@character_set_client */;
/*!40101 SET character_set_client = utf8 */;
CREATE TABLE `label` (
  `id` int(10) unsigned NOT NULL AUTO_INCREMENT,
  `key` varchar(45) NOT NULL,
  `value1` text NOT NULL,
  `value2` text DEFAULT NULL,
  `value3` text DEFAULT NULL,
  `value4` text DEFAULT NULL,
  `languagegroup_id` int(10) unsigned NOT NULL,
  PRIMARY KEY (`id`),
  UNIQUE KEY `id_UNIQUE` (`id`),
  UNIQUE KEY `key_UNIQUE` (`languagegroup_id`,`key`),
  KEY `fk_label_languagegroup1_idx` (`languagegroup_id`),
  CONSTRAINT `fk_label_languagegroup1` FOREIGN KEY (`languagegroup_id`) REFERENCES `languagegroup` (`id`) ON DELETE NO ACTION ON UPDATE NO ACTION
) ENGINE=InnoDB AUTO_INCREMENT=51 DEFAULT CHARSET=utf8mb4 COLLATE=utf8mb4_general_ci;
/*!40101 SET character_set_client = @saved_cs_client */;

--
-- Dumping data for table `label`
--

LOCK TABLES `label` WRITE;
/*!40000 ALTER TABLE `label` DISABLE KEYS */;
INSERT INTO `label` VALUES (8,'login/signin','Sign in','Inloggen','','',1),(9,'login/groupname','Group Name *','Groepsnaam *','','',1),(10,'login/password','Password *','Password *','','',1),(11,'login/playercode','Player Code *','Code Speler *','','',1),(13,'login/button/signin','SIGN IN','INLOGGEN','','',1),(14,'welcome/header','Welcome to Where We Move!','Welkom bij Where We Move!','','',1),(15,'welcome/button/back','BACK','TERUG','','',1),(16,'welcome/button/continue','CONTINUE','VERDER','','',1),(17,'welcome/1/header','At the top of the screen you can see your player information','Bovenaan het scherm staat de spelersinformatie','','',1),(18,'welcome/1/text','From the left to the right you can first see your group number $group$, then your player name $player$. After that you can find the round number $round$, and the preferred house rating which is $rating$. In the second line your yearly income $income$, the satisfaction score you have $satisfaction$, your savings amount $savings$ and the maximum mortgage you have $maxmortgage$. Your spendable wealth is the sum of your savings and your yearly income Hence it is $savings$ + $income$.','Van links naar rechts zie je eerst je groepsnummer $group$, daarna je spelersnaam $player$. Daarna vind je de ronde van het spel $round$, en de gewenste woningwaardering die $rating$ is. In de tweede regel vind je het jaarinkomen $income$, je tevredenheidsscore $satisfaction$, je spaarbedrag $savings$ en de maximale hypotheek die u heeft $maxmortgage$. Uw besteedbaar vermogen is de som van je spaargeld en je jaarinkomen. Het is dus $savings$ + $income$.','','',1),(19,'welcome/2/header','Please select a house to buy','Selecteer een huis om te kopen','','',1),(20,'welcome/2/text','Every round starts with choosing a house, you don\'t need to change your house every round though. Every round the houses which you can choose from can be found on your group table. If you have any questions, please ask your facilitator. Please don\'t choose a house which is already chosen by another player. Your input will always be validated!','Elke ronde begint met het kiezen van een huis, maar je hoeft niet elke ronde van huis te veranderen. Iedere ronde vind je op je groepstafel de huizen waaruit je kunt kiezen. Als je vragen hebt, kan je deze aan de facilitator stellen. Kies geen huis dat al door een andere speler is gekozen. Je keuzes worden altijd gevalideerd!','','',1),(21,'welcome/3/header','Optional: buy a measure to improve your house or buy satisfaction points','Optioneel: koop een maatregel om je huis te verbeteren, of koop tevredenheidspunten','','',1),(22,'welcome/3/text','Next, you can buy a measure to improve your house and reduce the damage you might get if a flood happen. You can also buy satisfaction points or you can save your money for later.','Vervolgens kan je een maatregel kopen om je huis te verbeteren en potenti&euml;schade te verminderen die je zou kunnen oplopen als er een overstroming plaatsvindt. Je kan ook tevredenheidspunten kopen of je geld bewaren voor later.','','',1),(23,'welcome/4/header','Please select two questions to answer','Selecteer de twee vragen om te beantwoorden','','',1),(24,'welcome/4/text','In every round you can select an answers for two different questions. Please, select two questions and answer them.','In elke ronde kun je een antwoord kiezen voor twee verschillende vragen. Selecteer de twee vragen en beantwoord ze.','','',1),(25,'welcome/5/header','What\'s next?','Wat volgt er dan?','','',1),(26,'welcome/5/text','After you have answered the questions, and entered your selections for all other steps, you can click on the \'Next Round\' button when the facilitator says so. When you click on this button, a new round starts. Note that you can not go back to the previous round and that a new round starts when the facilitator says so.','Nadat je de vragen hebt beantwoord en je de selecties voor alle overige stappen hebt ingevoerd, kan je op de knop \'Volgende ronde\' klikken als de facilitator dit aangeeft. Wanneer je op deze knop klikt, begint een nieuwe ronde. Houd er rekening mee dat je niet terug kunt naar de vorige ronde en dat een nieuwe ronde pas begint als de facilitator toestemming geeft.','','',1),(27,'welcome/6/header','Enjoy the game!','Veel plezier met het spel!','','',1),(28,'welcome/6/text','We hope you enjoy the game!','We hopen dat je het spel leuk vindt!','','',1),(29,'welcome/button/finish','FINISH','AFSLUITEN','','',1),(30,'welcome/footer/ready','Are you ready reading? - if yes, you can start the game','Klaar met lezen? Zo ja, dan kan je het spel starten','','',1),(31,'welcome/button/start','START THE GAME!','START HET SPEL!','','',1),(32,'general/header','The Housing Game','The Housing Game','','',1),(33,'house/instructions/header','Please select a house','Selecteer een huis','','',1),(34,'house/instructions/text','This is the house selection page. Please select a house from the list below. You will see the price and the rate of the selected house after making the selection. Please keep in mind that you will pay 10% of the house price as a yearly mortgage payment. And that you cannot select a house which price is higher than the maximum mortgage <import <AccountBalanceIcon /> + your savings <WalletIcon />.','Dit is de huizenselectiepagina. Selecteer een huis uit de onderstaande lijst. Na het maken van de selectie zie je de prijs en de klasse van de geselecteerde woning. Houd er rekening mee dat je jaarlijks 10% van de woningprijs als hypotheekbetaling betaalt. En dat je geen huis kunt kiezen waarvan de prijs hoger is dan de maximale hypotheek <AccountBalanceIcon /> + je spaargeld <WalletIcon />.','','',1),(35,'house/choice/house','House *','Huis *','','',1),(36,'house/choice/submit','SUBMIT CHOICES','BEVESTIG KEUZES','','',1),(37,'house/choice/skip','SKIP','OVERSLAAN','','',1),(38,'house/price/header','Price','Prijs','','',1),(39,'house/price/text','Yearly Mortgage (payment per round):','Jaarlijkse hypotheek (betaling per ronde):','','',1),(40,'house/rate/header','House Rate:','Waardering huis:','','',1),(41,'house/rate/text','Your satisfaction will be affected by this','Je tevredenheidsscore wordt hierdoor be&iuml;nvloed','','',1),(42,'house/pluvial/header','Pluvial protection:','Bescherming regen:','','',1),(43,'house/pluvial/text','This is the amount of protection you have from pluvial (rain) flooding','Dit is de bescherming die het huis heeft tegen overvloedige regenval','','',1),(44,'house/fluvial/header','Fluvial protection:','Bescherming overstroming:','','',1),(45,'house/fluvial/text','This is the amount of protection you have from fluvial (river) flooding','Dit is de bescherming die het huis heeft tegen overstroming van de rivier','','',1),(46,'error/roundnotstarted','Round did not start yet!','Ronde is nog niet begonnen!','','',1),(47,'welcome/text','The aim is to achieve the highest score possible by increasing satisfaction and earning points for the available income.<br/>\r\nWhile playing, you will learn which choices you may make for protecting your house and yourself, given the assigned budget and expectations','Het doel is om een zo hoog mogelijke score te behalen door de tevredenheid te vergroten en punten te verdienen voor het beschikbare inkomen.<br/>\r\nAl spelend leer je welke keuzes je kunt maken om je huis en jezelf te beschermen, gegeven het toegewezen budget en de verwachtingen','','',1),(48,'welcome/wait/header','Thank you for logging in!','Dank voor het inloggen!','','',1),(49,'welcome/wait/text','The facilitator created the group table but did not start the game yet. Wait for the facilitator to be able to play. The START GAME button will turn blue when you can continue.','De facilitator heeft de groeps aangemaakt, maar heeft het spel nog niet gestart.\r\nWacht op de facilitator om te beginnen met spelen. De blauwe START SPEL knop wordt blauw als je verder kan.','','',1),(50,'welcome/wait/nowait','The facilitator has already started the game. Press the START GAME button to participate.','De facilitator heeft de game al gestart. Klik de START GAME knop om mee te doen.','','',1);
/*!40000 ALTER TABLE `label` ENABLE KEYS */;
UNLOCK TABLES;

--
-- Table structure for table `language`
--

DROP TABLE IF EXISTS `language`;
/*!40101 SET @saved_cs_client     = @@character_set_client */;
/*!40101 SET character_set_client = utf8 */;
CREATE TABLE `language` (
  `id` int(10) unsigned NOT NULL AUTO_INCREMENT,
  `code` varchar(2) NOT NULL,
  `name` varchar(45) NOT NULL,
  PRIMARY KEY (`id`),
  UNIQUE KEY `id_UNIQUE` (`id`),
  UNIQUE KEY `code_UNIQUE` (`code`),
  UNIQUE KEY `name_UNIQUE` (`name`)
) ENGINE=InnoDB AUTO_INCREMENT=6 DEFAULT CHARSET=utf8mb4 COLLATE=utf8mb4_general_ci;
/*!40101 SET character_set_client = @saved_cs_client */;

--
-- Dumping data for table `language`
--

LOCK TABLES `language` WRITE;
/*!40000 ALTER TABLE `language` DISABLE KEYS */;
INSERT INTO `language` VALUES (1,'EN','English'),(2,'NL','Nederlands');
/*!40000 ALTER TABLE `language` ENABLE KEYS */;
UNLOCK TABLES;

--
-- Table structure for table `languagegroup`
--

DROP TABLE IF EXISTS `languagegroup`;
/*!40101 SET @saved_cs_client     = @@character_set_client */;
/*!40101 SET character_set_client = utf8 */;
CREATE TABLE `languagegroup` (
  `id` int(10) unsigned NOT NULL AUTO_INCREMENT,
  `name` varchar(45) NOT NULL,
  `language_id1` int(10) unsigned NOT NULL,
  `language_id2` int(10) unsigned DEFAULT NULL,
  `language_id3` int(10) unsigned DEFAULT NULL,
  `language_id4` int(10) unsigned DEFAULT NULL,
  PRIMARY KEY (`id`),
  UNIQUE KEY `id_UNIQUE` (`id`),
  UNIQUE KEY `name_UNIQUE` (`name`),
  KEY `fk_languages_language1_idx` (`language_id1`),
  KEY `fk_languages_language2_idx` (`language_id2`),
  KEY `fk_languages_language3_idx` (`language_id3`),
  KEY `fk_languages_language4_idx` (`language_id4`),
  CONSTRAINT `fk_languages_language1` FOREIGN KEY (`language_id1`) REFERENCES `language` (`id`) ON DELETE NO ACTION ON UPDATE NO ACTION,
  CONSTRAINT `fk_languages_language2` FOREIGN KEY (`language_id2`) REFERENCES `language` (`id`) ON DELETE NO ACTION ON UPDATE NO ACTION,
  CONSTRAINT `fk_languages_language3` FOREIGN KEY (`language_id3`) REFERENCES `language` (`id`) ON DELETE NO ACTION ON UPDATE NO ACTION,
  CONSTRAINT `fk_languages_language4` FOREIGN KEY (`language_id4`) REFERENCES `language` (`id`) ON DELETE NO ACTION ON UPDATE NO ACTION
) ENGINE=InnoDB AUTO_INCREMENT=3 DEFAULT CHARSET=utf8mb4 COLLATE=utf8mb4_general_ci;
/*!40101 SET character_set_client = @saved_cs_client */;

--
-- Dumping data for table `languagegroup`
--

LOCK TABLES `languagegroup` WRITE;
/*!40000 ALTER TABLE `languagegroup` DISABLE KEYS */;
INSERT INTO `languagegroup` VALUES (1,'default EN-NL',1,2,NULL,NULL);
/*!40000 ALTER TABLE `languagegroup` ENABLE KEYS */;
UNLOCK TABLES;

--
-- Table structure for table `measurecategory`
--

DROP TABLE IF EXISTS `measurecategory`;
/*!40101 SET @saved_cs_client     = @@character_set_client */;
/*!40101 SET character_set_client = utf8 */;
CREATE TABLE `measurecategory` (
  `id` int(10) unsigned NOT NULL AUTO_INCREMENT,
  `name` varchar(24) NOT NULL,
  `description` varchar(255) NOT NULL,
  `explanation` text DEFAULT NULL,
  `scenario_id` int(10) unsigned NOT NULL,
  `sequence_nr` float NOT NULL DEFAULT 1,
  PRIMARY KEY (`id`),
  UNIQUE KEY `id_UNIQUE` (`id`),
  KEY `fk_measurecategory_scenario1_idx` (`scenario_id`),
  CONSTRAINT `fk_measurecategory_scenario1` FOREIGN KEY (`scenario_id`) REFERENCES `scenario` (`id`) ON DELETE NO ACTION ON UPDATE NO ACTION
) ENGINE=InnoDB AUTO_INCREMENT=7 DEFAULT CHARSET=utf8mb4 COLLATE=utf8mb4_general_ci;
/*!40101 SET character_set_client = @saved_cs_client */;

--
-- Dumping data for table `measurecategory`
--

LOCK TABLES `measurecategory` WRITE;
/*!40000 ALTER TABLE `measurecategory` DISABLE KEYS */;
INSERT INTO `measurecategory` VALUES (1,'Flood adaptation','(costs are the same for all players)','These are measures related to the house the player is living in.',13,1),(2,'Personal measures','(costs depend on income or house value)','These are personal measures that can increase satisfaction for one or more rounds.',13,2),(3,'Flood adaptation','(costs are the same for all players)','These are measures related to the house the player is living in.',3,1),(4,'Flood adaptation','(costs are the same for all players)','These are measures related to the house the player is living in.',11,1),(5,'Flood adaptation','(costs are the same for all players)','These are measures related to the house the player is living in.',15,1),(6,'Personal measures','(costs depend on income or house value)','These are personal measures that can increase satisfaction for one or more rounds.',15,2);
/*!40000 ALTER TABLE `measurecategory` ENABLE KEYS */;
UNLOCK TABLES;

--
-- Table structure for table `measuretype`
--

DROP TABLE IF EXISTS `measuretype`;
/*!40101 SET @saved_cs_client     = @@character_set_client */;
/*!40101 SET character_set_client = utf8 */;
CREATE TABLE `measuretype` (
  `id` int(10) unsigned NOT NULL AUTO_INCREMENT,
  `short_alias` varchar(24) NOT NULL,
  `name` varchar(255) NOT NULL,
  `description` text NOT NULL,
  `cost_absolute` int(10) unsigned NOT NULL,
  `cost_percentage_income` float NOT NULL,
  `cost_percentage_house` float NOT NULL,
  `satisfaction_delta_once` int(11) NOT NULL,
  `satisfaction_delta_permanent` int(11) NOT NULL,
  `pluvial_protection_delta` int(11) NOT NULL,
  `fluvial_protection_delta` int(11) NOT NULL,
  `house_value_delta_abs` int(11) NOT NULL,
  `house_value_delta_perc` int(11) NOT NULL,
  `valid_one_round` tinyint(3) NOT NULL DEFAULT 0,
  `valid_until_used` tinyint(3) NOT NULL DEFAULT 0,
  `house_measure` tinyint(4) NOT NULL DEFAULT 1,
  `measurecategory_id` int(10) unsigned DEFAULT NULL,
  `category_sequence_nr` float NOT NULL,
  `priority` float NOT NULL DEFAULT 1,
  PRIMARY KEY (`id`),
  UNIQUE KEY `id_UNIQUE` (`id`),
  KEY `fk_measuretype_measurecategory1_idx` (`measurecategory_id`),
  CONSTRAINT `fk_measuretype_measurecategory1` FOREIGN KEY (`measurecategory_id`) REFERENCES `measurecategory` (`id`) ON DELETE NO ACTION ON UPDATE NO ACTION
) ENGINE=InnoDB AUTO_INCREMENT=66 DEFAULT CHARSET=utf8mb4 COLLATE=utf8mb4_general_ci;
/*!40101 SET character_set_client = @saved_cs_client */;

--
-- Dumping data for table `measuretype`
--

LOCK TABLES `measuretype` WRITE;
/*!40000 ALTER TABLE `measuretype` DISABLE KEYS */;
INSERT INTO `measuretype` VALUES (12,'Green garden','Green Garden','Creating a green garden space can help your garden soak up more water during long periods of rain. This can help in, e.g., urban areas.',20000,0,0,2,0,1,0,0,0,0,0,1,1,2,1),(14,'Steel walls','Automatic steel walls','Install steel walls which will automatically rise when a flood is detected. This will shut the water out of your house.',12000,0,0,1,0,1,1,0,0,0,0,1,1,1,1),(16,'Water pump','Install a water pump','A water pump can help you to remove excess water from your basement or garden. It is not fast enough to remove water from an actual flood.',6000,0,0,0,0,1,0,0,0,0,0,1,1,3,1),(18,'Rain barrel','Underground rain barrel','Rain barrels are typically connected to gutter downspouts and collect the runoff from roofs. You can use this stored water for uses such as watering the garden, washing your car or flushing your toilet.',11000,0,0,1,0,1,0,0,0,0,0,1,1,7,1),(20,'Rise level','Rise ground level','Rising the ground level of your house is an expensive, but incredibly effective way to protect your house from flood water.',35000,0,0,3,0,1,2,0,0,0,0,1,1,4,1),(22,'Bulkhead','Self rising bulkhead','A self-rising bulkhead seals passages such as doors and prevents water from entering during a flood. It forms a permanent part of your house and rises automatically when it comes into contact with inflowing water.',8000,0,0,0,0,0,1,0,0,0,0,1,1,6,1),(24,'Waterproofing','Water resistent walls and floors','Choose walling and floors that are not easily damaged by water and will protect the structure underneath. If a flood does happen, this will lessen the damage the water does.',20000,0,0,1,0,1,1,0,0,0,0,1,1,8,1),(26,'Sandbags','Sandbags','When a flood is happening, you can use these sandbags to protect your doors and house. It is a cheaper alternative, but they cannot be used again once they are used.',3000,0,0,0,0,0,1,0,0,1,0,1,1,5,1),(35,'Green garden','Green Garden','Creating a green garden space can help your garden soak up more water during long periods of rain. This can help in, e.g., urban areas.',20000,0,0,2,0,1,0,0,0,0,0,1,3,2,1),(36,'Steel walls','Automatic steel walls','Install steel walls which will automatically rise when a flood is detected. This will shut the water out of your house.',12000,0,0,1,0,1,0,0,0,0,0,1,3,1,1),(37,'Water pump','Install a water pump','A water pump can help you to remove excess water from your basement or garden. It is not fast enough to remove water from an actual flood.',6000,0,0,0,0,1,0,0,0,0,0,1,3,3,1),(38,'Rain barrel','Underground rain barrel','Rain barrels are typically connected to gutter downspouts and collect the runoff from roofs. You can use this stored water for uses such as watering the garden, washing your car or flushing your toilet.',11000,0,0,1,0,1,0,0,0,0,0,1,3,7,1),(39,'Rise level','Rise ground level','Rising the ground level of your house is an expensive, but incredibly effective way to protect your house from flood water.',35000,0,0,3,0,1,2,0,0,0,0,1,3,4,1),(40,'Bulkhead','Self rising bulkhead','A self-rising bulkhead seals passages such as doors and prevents water from entering during a flood. It forms a permanent part of your house and rises automatically when it comes into contact with inflowing water.',8000,0,0,0,0,0,1,0,0,0,0,1,3,6,1),(41,'Waterproofing','Water resistent walls and floors','Choose walling and floors that are not easily damaged by water and will protect the structure underneath. If a flood does happen, this will lessen the damage the water does.',20000,0,0,1,0,1,1,0,0,0,0,1,3,8,1),(42,'Sandbags','Sandbags','When a flood is happening, you can use these sandbags to protect your doors and house. It is a cheaper alternative, but they cannot be used again once they are used.',3000,0,0,0,0,1,1,0,0,1,0,1,3,5,1),(43,'Green garden','Green Garden','Creating a green garden space can help your garden soak up more water during long periods of rain. This can help in, e.g., urban areas.',20000,0,0,2,0,1,0,0,0,0,0,1,4,2,1),(44,'Steel walls','Automatic steel walls','Install steel walls which will automatically rise when a flood is detected. This will shut the water out of your house.',12000,0,0,0,0,1,1,0,0,0,0,1,4,1,1),(45,'Water pump','Install a water pump','A water pump can help you to remove excess water from your basement or garden. It is not fast enough to remove water from an actual flood.',6000,0,0,0,0,1,0,0,0,0,0,1,4,3,1),(46,'Rain barrel','Underground rain barrel','Rain barrels are typically connected to gutter downspouts and collect the runoff from roofs. You can use this stored water for uses such as watering the garden, washing your car or flushing your toilet.',11000,0,0,1,0,1,0,0,0,0,0,1,4,7,1),(47,'Rise level','Rise ground level','Rising the ground level of your house is an expensive, but incredibly effective way to protect your house from flood water.',35000,0,0,3,0,1,2,0,0,0,0,1,4,4,1),(48,'Bulkhead','Self rising bulkhead','A self-rising bulkhead seals passages such as doors and prevents water from entering during a flood. It forms a permanent part of your house and rises automatically when it comes into contact with inflowing water.',8000,0,0,0,0,0,1,0,0,0,0,1,4,6,1),(49,'Waterproofing','Water resistent walls and floors','Choose walling and floors that are not easily damaged by water and will protect the structure underneath. If a flood does happen, this will lessen the damage the water does.',20000,0,0,1,0,1,1,0,0,0,0,1,4,8,1),(50,'Sandbags','Sandbags','When a flood is happening, you can use these sandbags to protect your doors and house. It is a cheaper alternative, but they cannot be used again once they are used.',3000,0,0,0,0,0,1,0,0,1,0,1,4,5,1),(55,'Green garden','Green Garden','Creating a green garden space can help your garden soak up more water during long periods of rain. This can help in, e.g., urban areas.',20000,0,0,2,0,1,0,0,0,0,0,1,5,2,1),(56,'Steel walls','Automatic steel walls','Install steel walls which will automatically rise when a flood is detected. This will shut the water out of your house.',12000,0,0,0,0,1,1,0,0,0,0,1,5,1,1),(57,'Water pump','Install a water pump','A water pump can help you to remove excess water from your basement or garden. It is not fast enough to remove water from an actual flood.',6000,0,0,0,0,1,0,0,0,0,0,1,5,3,1),(58,'Rain barrel','Underground rain barrel','Rain barrels are typically connected to gutter downspouts and collect the runoff from roofs. You can use this stored water for uses such as watering the garden, washing your car or flushing your toilet.',11000,0,0,1,0,1,0,0,0,0,0,1,5,7,1),(59,'Rise level','Rise ground level','Rising the ground level of your house is an expensive, but incredibly effective way to protect your house from flood water.',35000,0,0,3,0,1,2,0,0,0,0,1,5,4,1),(60,'Bulkhead','Self rising bulkhead','A self-rising bulkhead seals passages such as doors and prevents water from entering during a flood. It forms a permanent part of your house and rises automatically when it comes into contact with inflowing water.',8000,0,0,0,0,0,1,0,0,0,0,1,5,6,1),(61,'Waterproofing','Water resistent walls and floors','Choose walling and floors that are not easily damaged by water and will protect the structure underneath. If a flood does happen, this will lessen the damage the water does.',20000,0,0,1,0,1,1,0,0,0,0,1,5,8,1),(62,'Sandbags','Sandbags','When a flood is happening, you can use these sandbags to protect your doors and house. It is a cheaper alternative, but they cannot be used again once they are used.',3000,0,0,0,0,0,1,0,0,0,1,1,5,5,1),(64,'Large renovations','Large renovations','',0,0,10,2,0,0,0,0,0,1,0,0,6,2,1),(65,'Small renovations','Small renovations','',0,0,5,1,0,0,0,0,0,1,0,0,6,1,1);
/*!40000 ALTER TABLE `measuretype` ENABLE KEYS */;
UNLOCK TABLES;

--
-- Table structure for table `movingreason`
--

DROP TABLE IF EXISTS `movingreason`;
/*!40101 SET @saved_cs_client     = @@character_set_client */;
/*!40101 SET character_set_client = utf8 */;
CREATE TABLE `movingreason` (
  `id` int(10) unsigned NOT NULL AUTO_INCREMENT,
  `sequence_number` int(10) unsigned NOT NULL,
  `key` varchar(24) NOT NULL,
  `reason_text` varchar(64) NOT NULL,
  `is_other` tinyint(4) NOT NULL DEFAULT 0,
  `gameversion_id` int(10) unsigned NOT NULL,
  PRIMARY KEY (`id`),
  UNIQUE KEY `id_UNIQUE` (`id`),
  UNIQUE KEY `sequence_UNIQUE` (`gameversion_id`,`sequence_number`),
  UNIQUE KEY `key_UNIQUE` (`gameversion_id`,`key`),
  KEY `fk_movingreason_gameversion1_idx` (`gameversion_id`),
  CONSTRAINT `fk_movingreason_gameversion1` FOREIGN KEY (`gameversion_id`) REFERENCES `gameversion` (`id`) ON DELETE NO ACTION ON UPDATE NO ACTION
) ENGINE=InnoDB AUTO_INCREMENT=14 DEFAULT CHARSET=utf8mb4 COLLATE=utf8mb4_general_ci;
/*!40101 SET character_set_client = @saved_cs_client */;

--
-- Dumping data for table `movingreason`
--

LOCK TABLES `movingreason` WRITE;
/*!40000 ALTER TABLE `movingreason` DISABLE KEYS */;
INSERT INTO `movingreason` VALUES (1,1,'1. House lookout','Like the house lookout',0,3),(2,2,'2. Satisfaction','Increase house satisfaction rating',0,3),(3,6,'6. Other','Other',1,3),(4,3,'3. Area protection','Relocate to a better protected area',0,3),(5,4,'4. House protection','Get a house with better flood protection measures',0,3),(6,5,'5. Decrease expenses','Decrease house-related expenses',0,3),(7,1,'1. Huis uitkijk','1. Huis uitkijk',0,7),(8,2,'2. Tevredenheid','2. Tevredenheid',0,7),(10,3,'3. Area protection','3. Area protection',0,7),(11,4,'4. House protection','4. House protection',0,7),(12,5,'5. Decrease expenses','5. Decrease expenses',0,7),(13,6,'6. Other','6. Other',1,7);
/*!40000 ALTER TABLE `movingreason` ENABLE KEYS */;
UNLOCK TABLES;

--
-- Table structure for table `newseffects`
--

DROP TABLE IF EXISTS `newseffects`;
/*!40101 SET @saved_cs_client     = @@character_set_client */;
/*!40101 SET character_set_client = utf8 */;
CREATE TABLE `newseffects` (
  `id` int(10) unsigned NOT NULL AUTO_INCREMENT,
  `name` varchar(45) NOT NULL,
  `house_discount_round1` int(10) unsigned NOT NULL DEFAULT 0 COMMENT 'House discount year 1 after flooding, in Euros or as a percentage',
  `house_discount_round2` int(10) unsigned NOT NULL DEFAULT 0 COMMENT 'House discount year 2 after flooding, in Euros or as a percentage',
  `house_discount_round3` int(10) unsigned NOT NULL DEFAULT 0 COMMENT 'House discount year 3 after flooding, in Euros or as a percentage',
  `house_discount_effect_pluvial` tinyint(3) NOT NULL DEFAULT 0,
  `house_discount_effect_fluvial` tinyint(3) NOT NULL DEFAULT 1,
  `house_discount_community` tinyint(3) NOT NULL DEFAULT 1,
  `pluvial_protection_change` int(11) NOT NULL DEFAULT 0,
  `fluvial_protection_change` int(11) NOT NULL DEFAULT 0,
  `tax_change` float NOT NULL DEFAULT 0,
  `satisfaction_living_bonus` int(11) NOT NULL DEFAULT 0,
  `satisfaction_move_change` int(11) NOT NULL DEFAULT 0,
  `newsitem_id` int(10) unsigned NOT NULL,
  `community_id` int(10) unsigned DEFAULT NULL COMMENT 'When community_id is NOT filled, all communities are affected equally.',
  PRIMARY KEY (`id`),
  UNIQUE KEY `id_UNIQUE` (`id`),
  KEY `fk_newseffects_newsitem1_idx` (`newsitem_id`),
  KEY `fk_newseffects_community1_idx` (`community_id`),
  CONSTRAINT `fk_newseffects_community1` FOREIGN KEY (`community_id`) REFERENCES `community` (`id`) ON DELETE NO ACTION ON UPDATE NO ACTION,
  CONSTRAINT `fk_newseffects_newsitem1` FOREIGN KEY (`newsitem_id`) REFERENCES `newsitem` (`id`) ON DELETE NO ACTION ON UPDATE NO ACTION
) ENGINE=InnoDB AUTO_INCREMENT=58 DEFAULT CHARSET=utf8mb4 COLLATE=utf8mb4_general_ci;
/*!40101 SET character_set_client = @saved_cs_client */;

--
-- Dumping data for table `newseffects`
--

LOCK TABLES `newseffects` WRITE;
/*!40000 ALTER TABLE `newseffects` DISABLE KEYS */;
INSERT INTO `newseffects` VALUES (1,'House discounts 10-5-2',10000,5000,2000,0,1,1,0,0,0,0,0,15,NULL),(2,'House discounts 10-5-2',10000,5000,2000,0,1,1,0,0,0,0,0,22,7),(3,'Rain effects',0,0,0,0,1,1,-2,-1,0,0,0,23,7),(4,'Rain effects',0,0,0,0,1,1,-2,-1,0,0,0,16,7),(5,'Taxes Natucity +5k',0,0,0,0,1,1,0,0,5000,0,0,17,7),(6,'Taxes Natucity +5k',0,0,0,0,1,1,0,0,5000,0,0,24,7),(7,'NbS satisfaction',0,0,0,0,1,1,0,0,0,2,2,25,7),(8,'NbS satisfaction',0,0,0,0,1,1,0,0,0,2,2,18,7),(33,'House discounts 10-5-2',10000,5000,2000,0,1,1,0,0,0,0,0,69,NULL),(34,'Rain effects',0,0,0,0,1,1,-2,-1,0,0,0,70,NULL),(35,'Taxes Natucity +5k',0,0,0,0,1,1,0,0,5000,0,0,71,13),(36,'NbS satisfaction',0,0,0,0,1,1,0,0,0,2,2,72,13),(37,'House discounts 10-5-2',10000,5000,2000,0,1,1,0,0,0,0,0,78,NULL),(38,'Rain effects',0,0,0,0,1,1,-2,-1,0,0,0,79,NULL),(39,'Taxes Natucity +5k',0,0,0,0,1,1,0,0,5000,0,0,80,13),(40,'NbS satisfaction',0,0,0,0,1,1,0,0,0,2,2,81,13),(43,'House discounts 10-5-2 +rain river-1 rain-2',10000,5000,2000,0,1,1,-2,-1,0,0,0,84,NULL),(44,'Taxes Natucity +5k',0,0,0,0,1,1,0,0,5000,0,0,85,16),(45,'Natucity Satisfaction',0,0,0,0,1,1,0,0,0,2,2,86,16),(47,'House discounts 10-5-2 +rain river-1 rain-2',10000,5000,2000,0,1,1,-2,-1,0,0,0,90,NULL),(48,'Taxes Natucity +5k',0,0,0,0,1,1,0,0,5000,0,0,91,16),(49,'Natucity Satisfaction',0,0,0,0,1,1,0,0,0,2,2,92,16),(52,'House discounts 10-5-2 +rain river-1 rain-2',10000,5000,2000,0,1,1,-2,-1,0,0,0,96,NULL),(53,'Taxes Natucity +5k',0,0,0,0,1,1,0,0,5000,0,0,97,19),(54,'Natucity Satisfaction',0,0,0,0,1,1,0,0,0,2,2,98,19),(55,'House discounts 10-5-2 +rain river-1 rain-2',10000,5000,2000,0,1,1,-2,-1,0,0,0,101,NULL),(56,'Taxes Natucity +5k',0,0,0,0,1,1,0,0,5000,0,0,102,19),(57,'Natucity Satisfaction',0,0,0,0,1,1,0,0,0,2,2,103,19);
/*!40000 ALTER TABLE `newseffects` ENABLE KEYS */;
UNLOCK TABLES;

--
-- Table structure for table `newsitem`
--

DROP TABLE IF EXISTS `newsitem`;
/*!40101 SET @saved_cs_client     = @@character_set_client */;
/*!40101 SET character_set_client = utf8 */;
CREATE TABLE `newsitem` (
  `id` int(10) unsigned NOT NULL AUTO_INCREMENT,
  `name` varchar(255) NOT NULL,
  `summary` text NOT NULL,
  `content` text NOT NULL,
  `round_number` int(10) unsigned NOT NULL,
  `scenario_id` int(10) unsigned NOT NULL,
  PRIMARY KEY (`id`),
  UNIQUE KEY `id_UNIQUE` (`id`),
  KEY `fk_newsitem_scenario1_idx` (`scenario_id`),
  CONSTRAINT `fk_newsitem_scenario1` FOREIGN KEY (`scenario_id`) REFERENCES `scenario` (`id`) ON DELETE NO ACTION ON UPDATE NO ACTION
) ENGINE=InnoDB AUTO_INCREMENT=104 DEFAULT CHARSET=utf8mb4 COLLATE=utf8mb4_general_ci;
/*!40101 SET character_set_client = @saved_cs_client */;

--
-- Dumping data for table `newsitem`
--

LOCK TABLES `newsitem` WRITE;
/*!40000 ALTER TABLE `newsitem` DISABLE KEYS */;
INSERT INTO `newsitem` VALUES (12,'0: General Introduction','Welcome to Where we Move, a serious game that analyses the choices made by participants. All results will be anonymised.','Welcome to Where we Move, this is a serious game involving houses, floodings and various measures you can take. Today we will play this game which will allow you to explore options on how you could protect your house and yourself. During the game, we will ask you to fill in some data sheets that will allow us to conduct some research on the game. It helps us analyse which choices were made during the game and your feelings regarding floodings. These forms will be anonymized and analysed later. But please know that there are no wrong answers or choices, we just want to know what you would do in the game, not test you. Still, take some care while filling in the forms during the game so that we can gather the data and use it in our research.',0,3),(14,'1: Introduction','Every area on the map is a housing area. Natucity is surrounded by relatively large nature areas. Diketown is an urban area that is not necessarily surrounded by large natural or water areas but is protected by a dike and has more space for houses. The Unbesvillage is a nice area beside a river or a water channel. Every area has some municipal taxes to pay. Check your budget and expectations overview to know what you must pay every round to keep in mind when buying a house. Look at the map to start thinking about where you would prefer to live.','Before we start, let me introduce you to the area we will be playing in. As you can see on the table, we have three communities on the map. We have a dark green, nature-filled area that is protected from the river with a nature-based solution. This means that there is less space for houses. We have an urban area, a cityscape, which is protected from the river by an artificial dike. Lastly, we have a farmland area directly connected to the river. Each of these areas provides a certain amount of protection against river and rain flooding. You will represent a household living in one of these three areas. Which one that is, is up to you. In a little moment, you will be able to purchase your house. The goal of the game is to increase your satisfaction as much as possible. The house you choose influences your satisfaction. If you don\'t manage to buy your dream house right away, you will be allowed to move in the following rounds. We hope you can find and buy your dream house, keep your feet dry and have some money left to increase your satisfaction and pay off your house. I will now explain the rules of the game.',1,3),(15,'2: House discounts','When an area is flooded, it can cause problems when the water is there and afterward. Repairs are needed if houses are damaged, and potential buyers are discouraged from buying any homes in the area. Floods result in house discounts: When an area is flooded, houses decrease in value: 10k in year 1, 5k in year 2, and 2k in year 3.','Unfortunately, we see floods happen more often. The world is preparing itself for the water to come. We see the sea level rising every year which means that in the future it could overtop the dikes and riverbanks that keep our feet dry.\r\n\r\nWhen an area is flooded it not only can cause problems when the water is there, but also afterwards. Repairs are needed if houses are damaged, but also potential buyers are discouraged from buying any homes in the area. This means that the house value of a house decreases, resulting in less profit if the house is sold.\r\n\r\nWe do see, however, that in a couple of years, the financial impact of a flood on house value decreases and disappears eventually. \r\n\r\n(Explain house discount rules)',2,3),(16,'3: More rain','More rain on the way: More heavy rainfall over the next years will result in flooding of nature-based solutions. Protection for rain floods in Natucity decrease by 2, and for river floods by 1.','In 2021, in the Netherlands and neighbouring countries, a devastating flood happened in Limburg. In that year, we had a record amount of rain, and the amount of short heavy rains increased. In urban areas, the ground has more difficulty soaking up all this rain, resulting in flooded basements and parks turning into swamps. Nature-based solutions and more green areas such as farmlands in the neighbourhoods can help. But can it help enough? More and more people are looking into ways to keep the water outside their homes or to create better-protected homes against water that does enter.',3,3),(17,'4: Taxes increase','Areas that are nature enhance water quality, reduce air pollution, and conserve natural habitats. This, in turn, results in human well-being and biodiversity benefits. However, due to the increasing demand in such areas, the municipality had to increase the taxes to maintain the area.\r\n\r\nFrom this round, the taxes of the natucity area for each household number increases by 5.','Areas that are nature enhance water quality, reduce air pollution, and conserve natural habitats. This, in turn, results in human well-being and biodiversity benefits. However, due to the increasing demand in such areas, the municipality had to increase the taxes to maintain the area.\r\n\r\nFrom this round, the taxes of the natucity area for each household number increases by 5.',4,3),(18,'5: Natucitys beauty','The municipality used the money you pay for taxes to improve the area, given that they can also use it against floods. Therefore, you receive a one-time bonus satisfaction of 2 points if you live in Natucity, and you gain 1 satisfaction point as you move there (instead of losing 1 point for moving).','The municipality uses the money you pay for taxes to improve the area, given that they can also use it against floods. Therefore, you receive a one-time bonus satisfaction of 2 points if you live in Natucity, and you gain 1 satisfaction point as you move there (instead of losing 1 point for moving).',5,3),(19,'0: General Introduction','Welcome to Where we Move, a serious game that analyses the choices made by participants. All results will be anonymised.','Welcome to Where we Move, this is a serious game involving houses, floodings and various measures you can take. Today we will play this game which will allow you to explore options on how you could protect your house and yourself. During the game, we will ask you to fill in some data sheets that will allow us to conduct some research on the game. It helps us analyse which choices were made during the game and your feelings regarding floodings. These forms will be anonymized and analysed later. But please know that there are no wrong answers or choices, we just want to know what you would do in the game, not test you. Still, take some care while filling in the forms during the game so that we can gather the data and use it in our research.',0,4),(21,'1: Introduction','Every area on the map is a housing area. Natucity is surrounded by relatively large nature areas. Diketown is an urban area that is not necessarily surrounded by large natural or water areas but is protected by a dike and has more space for houses. The Unbesvillage is a nice area beside a river or a water channel. Every area has some municipal taxes to pay. Check your budget and expectations overview to know what you must pay every round to keep in mind when buying a house. Look at the map to start thinking about where you would prefer to live.','Before we start, let me introduce you to the area we will be playing in. As you can see on the table, we have three communities on the map. We have a dark green, nature-filled area that is protected from the river with a nature-based solution. This means that there is less space for houses. We have an urban area, a cityscape, which is protected from the river by an artificial dike. Lastly, we have a farmland area directly connected to the river. Each of these areas provides a certain amount of protection against river and rain flooding. You will represent a household living in one of these three areas. Which one that is, is up to you. In a little moment, you will be able to purchase your house. The goal of the game is to increase your satisfaction as much as possible. The house you choose influences your satisfaction. If you don\'t manage to buy your dream house right away, you will be allowed to move in the following rounds. We hope you can find and buy your dream house, keep your feet dry and have some money left to increase your satisfaction and pay off your house. I will now explain the rules of the game.',1,4),(22,'2: House discounts','Floods result in house discounts: When an area was flooded, houses decrease in value: 10k in year 1, 5k in year 2, and 2k in year 3.','Unfortunately, we see floods happen more often. The world is preparing itself for the water to come. We see the sea level rising every year which means that in the future it could overtop the dikes and riverbanks that keep our feet dry.\r\n\r\nWhen an area is flooded it not only can cause problems when the water is there, but also afterwards. Repairs are needed if houses are damaged, but also potential buyers are discouraged from buying any homes in the area. This means that the house value of a house decreases, resulting in less profit if the house is sold.\r\n\r\nWe do see, however, that in a couple of years, the financial impact of a flood on house value decreases and disappears eventually. \r\n\r\n(Explain house discount rules)\r\n\r\n\r\n',2,4),(23,'3: More rain','More rain on the way: More heavy rainfall over the next years will result in flooding of nature-based solutions. Protection for rain floods in Natucity decrease by 2, and for river floods by 1.\r\n','In 2021, in the Netherlands and neighbouring countries, a devastating flood happened in Limburg. In that year, we had a record amount of rain, and the amount of short heavy rains increased. In urban areas, the ground has more difficulty soaking up all this rain, resulting in flooded basements and parks turning into swamps. Nature-based solutions and more green areas such as farmlands in the neighbourhoods can help. But can it help enough? More and more people are looking into ways to keep the water outside their homes or to create better-protected homes against water that does enter.\r\n\r\n<b>Now, the protection level for Rain floods by nature-based solutions, dikes and farmlands decreases by 2 and the protection level for River floods by nature-based solutions, dikes and farmlands decrease by 1.</b>\r\n\r\n\r\n\r\n',3,4),(24,'4: Taxes increase','Taxes increase in nature-based solution areas: Over the last years demand in nature-based solution areas has skyrocketed, therefore all taxes in Natucity increase with 5k/year.\r\n','Areas that are protected by nature-based solutions are known to enhance water quality, reduce air pollution, and conserve natural habitats. This, in turn, results in human well-being and biodiversity benefits. However, due to the increasing demand in such areas, citizenship increases. As a result, such areas are forced to increase taxes in order to maintain the area.\r\n\r\nFrom this round, the taxes of the nature-based solution area for each household number increases with 5k per year.\r\n\r\n\r\n\r\n',4,4),(25,'5: Natucity\'s beauty','The beauty of nature-based solutions: Nature-based solutions can offer more than protection against floodings. Therefore you receive a one-time bonus satisfaction of 2 points if you live in Natucity, and you gain 1 satisfaction point in you move there (instead of losing 1 point for moving).','As you might have seen, one of the public measures is presented as a nature-based solution. These solutions make use of, well, nature. It often gives the river space to expand when needed. This means that whenever the river doesn\'t need it, these spaces can be used by farmers to let their cattle grace, or by people to walk, sport and relax around in. Just make sure you get out of the nature-based solution area when the river level rises. But at that point, it\'s good to stay inside anyway.\r\n\r\nBecause of the multifunctional aspect of nature-based solutions, an increasing amount of people enjoy living around these solutions. If you live around the nature-based solution area, you can increase your satisfaction score by 2. If a new household relocates to the nature-based solution area it will also gain 2 satisfaction points. (Thus, relocating to this area means they gain 1 satisfaction, normally relocating costs 1 satisfaction).',5,4),(68,'1: Private measures','How a household can protect itself: More floods appear in the Netherlands, be prepared on how it might hit you.','As you might have seen, households have the possibility to purchase private flooding measures to increase their protection against floods. If the house of a household is not protected and the area is flooded, the house will take damage and the household will lose satisfaction. Households can protect against two types of flooding: River and Rain flooding. Rain flooding happens when rain falls down in large quantities for a long period of time. This causes strain on the sewage system and results in damage. River flooding happens when a lot of excess water from neighbouring countries is brought back to our country and causes the riverbanks to be overtopped. A river overtopping has a large impact, larger than rain flooding. Streets can become rivers and gardens can become temporary pools. To see how much each private measure protects against the two types of flooding, households can look at the overview made by the government. (explain that prices are about 3x/5x more expensive for game balance, real prices on the facilitator sheet).\r\n\r\n',1,11),(69,'2: House discounts','Floods result in house discounts: When an area was flooded, houses decrease in value: 10k in year 1, 5k in year 2, and 2k in year 3.\r\n','Unfortunately, we see floods happen more often. The world is preparing itself for the water to come. We see the sea level rising every year which means that in the future it could overtop the dikes and riverbanks that keep our feet dry.\r\n\r\nWhen an area is flooded it not only can cause problems when the water is there, but also afterwards. Repairs are needed if houses are damaged, but also potential buyers are discouraged from buying any homes in the area. This means that the house value of a house decreases, resulting in less profit if the house is sold.\r\n\r\nWe do see, however, that in a couple of years, the financial impact of a flood on house value decreases and disappears eventually. \r\n\r\n(Explain house discount rules)\r\n\r\n\r\n',2,11),(70,'3: More rain','More rain on the way: More heavy rainfall over the next years will result in flooding of nature-based solutions. Protection for rain floods in Natucity decrease by 2, and for river floods by 1.','In 2021, in the Netherlands and neighbouring countries, a devastating flood happened in Limburg. In that year, we had a record amount of rain, and the amount of short heavy rains increased. In urban areas, the ground has more difficulty soaking up all this rain, resulting in flooded basements and parks turning into swamps. Nature-based solutions and more green areas such as farmlands in the neighbourhoods can help. But can it help enough? More and more people are looking into ways to keep the water outside their homes or to create better-protected homes against water that does enter.\r\n\r\n<b>Now, the protection level for Rain floods by nature-based solutions, dikes and farmlands decreases by 2 and the protection level for River floods by nature-based solutions, dikes and farmlands decrease by 1.</b>\r\n\r\n',3,11),(71,'4: Taxes increase','Taxes increase in nature-based solution areas: Over the last years demand in nature-based solution areas has skyrocketed, therefore all taxes in Natucity increase with 5k/year.','Areas that are protected by nature-based solutions are known to enhance water quality, reduce air pollution, and conserve natural habitats. This, in turn, results in human well-being and biodiversity benefits. However, due to the increasing demand in such areas, citizenship increases. As a result, such areas are forced to increase taxes in order to maintain the area.\r\n\r\nFrom this round, the taxes of the nature-based solution area for each household number increases with 5k per year.\r\n\r\n\r\n',4,11),(72,'5: NbS','The beauty of nature-based solutions: Nature-based solutions can offer more than protection against floodings. Therefore you receive a one-time bonus satisfaction of 2 points if you live in Natucity, and you gain 1 satisfaction point in you move there (instead of losing 1 point for moving).','As you might have seen, one of the public measures is presented as a nature-based solution. These solutions make use of, well, nature. It often gives the river space to expand when needed. This means that whenever the river doesn\'t need it, these spaces can be used by farmers to let their cattle grace, or by people to walk, sport and relax around in. Just make sure you get out of the nature-based solution area when the river level rises. But at that point, it\'s good to stay inside anyway.\r\n\r\nBecause of the multifunctional aspect of nature-based solutions, an increasing amount of people enjoy living around these solutions. If you live around the nature-based solution area, you can increase your satisfaction score by 2. If a new household relocates to the nature-based solution area it will also gain 2 satisfaction points. (Thus, relocating to this area means they gain 1 satisfaction, normally relocating costs 1 satisfaction).\r\n\r\n',5,11),(73,'0a: Introduction','Welcome to Where we Move, a serious game that analyses the choices made by participants. All results will be anonymised.','Welcome to Where we Move, this is a serious game involving houses, floodings and various measures you can take. Today we will play this game which will allow you to explore options on how you could protect your house and yourself. During the game, we will ask you to fill in some data sheets that will allow us to conduct some research on the game. It helps us analyse which choices were made during the game and your feelings regarding floodings. These forms will be anonymized and analysed later. But please know that there are no wrong answers or choices, we just want to know what you would do in the game, not test you. Still, take some care while filling in the forms during the game so that we can gather the data and use it in our research.',0,11),(74,'0b: Introduction','Find your House: increase your satisfaction by finding your ideal house in one of the three communities.','Before we start, let me introduce you to the area we will be playing in. As you can see on the table, we have three communities on the map. We have a dark green, nature-filled area that is protected from the river with a nature-based solution. This means that there is less space for houses. We have an urban area, a cityscape, which is protected from the river by an artificial dike. Lastly, we have a farmland area directly connected to the river. Each of these areas provides a certain amount of protection against river and rain flooding. You will represent a household living in one of these three areas. Which one that is, is up to you. In a little moment, you will be able to purchase your house. The goal of the game is to increase your satisfaction as much as possible. The house you choose influences your satisfaction. If you don\'t manage to buy your dream house right away, you will be allowed to move in the following rounds. We hope you can find and buy your dream house, keep your feet dry and have some money left to increase your satisfaction and pay off your house. I will now explain the rules of the game.\r\n\r\n',0,11),(75,'0a: Introduction','Welcome to Where we Move, a serious game that analyses the choices made by participants. All results will be anonymised.','Welcome to Where we Move, this is a serious game involving houses, floodings and various measures you can take. Today we will play this game which will allow you to explore options on how you could protect your house and yourself. During the game, we will ask you to fill in some data sheets that will allow us to conduct some research on the game. It helps us analyse which choices were made during the game and your feelings regarding floodings. These forms will be anonymized and analysed later. But please know that there are no wrong answers or choices, we just want to know what you would do in the game, not test you. Still, take some care while filling in the forms during the game so that we can gather the data and use it in our research.\r\n',0,12),(76,'0b: Introduction','Find your House: increase your satisfaction by finding your ideal house in one of the three communities.','Before we start, let me introduce you to the area we will be playing in. As you can see on the table, we have three communities on the map. We have a dark green, nature-filled area that is protected from the river with a nature-based solution. This means that there is less space for houses. We have an urban area, a cityscape, which is protected from the river by an artificial dike. Lastly, we have a farmland area directly connected to the river. Each of these areas provides a certain amount of protection against river and rain flooding. You will represent a household living in one of these three areas. Which one that is, is up to you. In a little moment, you will be able to purchase your house. The goal of the game is to increase your satisfaction as much as possible. The house you choose influences your satisfaction. If you don\'t manage to buy your dream house right away, you will be allowed to move in the following rounds. We hope you can find and buy your dream house, keep your feet dry and have some money left to increase your satisfaction and pay off your house. I will now explain the rules of the game.\r\n\r\n\r\n',0,12),(77,'1: Private measures','How a household can protect itself: More floods appear in the Netherlands, be prepared on how it might hit you.','As you might have seen, households have the possibility to purchase private flooding measures to increase their protection against floods. If the house of a household is not protected and the area is flooded, the house will take damage and the household will lose satisfaction. Households can protect against two types of flooding: River and Rain flooding. Rain flooding happens when rain falls down in large quantities for a long period of time. This causes strain on the sewage system and results in damage. River flooding happens when a lot of excess water from neighbouring countries is brought back to our country and causes the riverbanks to be overtopped. A river overtopping has a large impact, larger than rain flooding. Streets can become rivers and gardens can become temporary pools. To see how much each private measure protects against the two types of flooding, households can look at the overview made by the government. (explain that prices are about 3x/5x more expensive for game balance, real prices on the facilitator sheet).\r\n\r\n',1,12),(78,'2: House discounts','Floods result in house discounts: When an area was flooded, houses decrease in value: 10k in year 1, 5k in year 2, and 2k in year 3.','Unfortunately, we see floods happen more often. The world is preparing itself for the water to come. We see the sea level rising every year which means that in the future it could overtop the dikes and riverbanks that keep our feet dry.\r\n\r\nWhen an area is flooded it not only can cause problems when the water is there, but also afterwards. Repairs are needed if houses are damaged, but also potential buyers are discouraged from buying any homes in the area. This means that the house value of a house decreases, resulting in less profit if the house is sold.\r\n\r\nWe do see, however, that in a couple of years, the financial impact of a flood on house value decreases and disappears eventually. \r\n\r\n(Explain house discount rules)\r\n\r\n\r\n',2,12),(79,'3: More rain','More rain on the way: More heavy rainfall over the next years will result in flooding of nature-based solutions. Protection for rain floods in Natucity decrease by 2, and for river floods by 1.\r\n','In 2021, in the Netherlands and neighbouring countries, a devastating flood happened in Limburg. In that year, we had a record amount of rain, and the amount of short heavy rains increased. In urban areas, the ground has more difficulty soaking up all this rain, resulting in flooded basements and parks turning into swamps. Nature-based solutions and more green areas such as farmlands in the neighbourhoods can help. But can it help enough? More and more people are looking into ways to keep the water outside their homes or to create better-protected homes against water that does enter.\r\n\r\n<b>Now, the protection level for Rain floods by nature-based solutions, dikes and farmlands decreases by 2 and the protection level for River floods by nature-based solutions, dikes and farmlands decrease by 1.</b>\r\n\r\n\r\n\r\n',3,12),(80,'4: Taxes increase','Taxes increase in nature-based solution areas: Over the last years demand in nature-based solution areas has skyrocketed, therefore all taxes in Natucity increase with 5k/year.\r\n','Areas that are protected by nature-based solutions are known to enhance water quality, reduce air pollution, and conserve natural habitats. This, in turn, results in human well-being and biodiversity benefits. However, due to the increasing demand in such areas, citizenship increases. As a result, such areas are forced to increase taxes in order to maintain the area.\r\n\r\nFrom this round, the taxes of the nature-based solution area for each household number increases with 5k per year.\r\n\r\n\r\n\r\n',4,12),(81,'5: NbS','The beauty of nature-based solutions: Nature-based solutions can offer more than protection against floodings. Therefore you receive a one-time bonus satisfaction of 2 points if you live in Natucity, and you gain 1 satisfaction point in you move there (instead of losing 1 point for moving).','As you might have seen, one of the public measures is presented as a nature-based solution. These solutions make use of, well, nature. It often gives the river space to expand when needed. This means that whenever the river doesn\'t need it, these spaces can be used by farmers to let their cattle grace, or by people to walk, sport and relax around in. Just make sure you get out of the nature-based solution area when the river level rises. But at that point, it\'s good to stay inside anyway.\r\n\r\nBecause of the multifunctional aspect of nature-based solutions, an increasing amount of people enjoy living around these solutions. If you live around the nature-based solution area, you can increase your satisfaction score by 2. If a new household relocates to the nature-based solution area it will also gain 2 satisfaction points. (Thus, relocating to this area means they gain 1 satisfaction, normally relocating costs 1 satisfaction).\r\n\r\n',5,12),(82,'0: General Introduction','Welcome to Where We Move, a housing data collection game that supports governments and residents in joining efforts for climate action. We will ask you to register the game choices on this website during the game. All choices are only linked to your player ID, so results are anonymous.','Welcome to Where We Move, a housing data collection game that supports governments and residents in joining efforts for climate action. We will ask you to register the game choices on this website during the game. All choices are only linked to your player ID, so results are anonymous.',0,13),(83,'1: Introduction','Every area on the map is a housing area. Natucity is surrounded by relatively large nature areas. Diketown is an urban area that is not necessarily surrounded by large natural or water areas but is protected by a dike and has more space for houses. The Unbesvillage is a nice area beside a river or a water channel. Every area has some municipal taxes to pay. Check your budget and expectations overview to know what you must pay every round to keep in mind when buying a house. Look at the map to start thinking about where you would prefer to live.','Every area on the map is a housing area. Natucity is surrounded by relatively large nature areas. Diketown is an urban area that is not necessarily surrounded by large natural or water areas but is protected by a dike and has more space for houses. The Unbesvillage is a nice area beside a river or a water channel. Every area has some municipal taxes to pay. Check your budget and expectations overview to know what you must pay every round to keep in mind when buying a house. Look at the map to start thinking about where you would prefer to live.',1,13),(84,'2: House discounts and More rain','When an area is flooded, repairs are needed if houses are damaged, and potential buyers are discouraged from buying any homes. Floods result in house discounts: When an area is flooded, houses decrease in value: 10k in year 1, 5k in year 2, and 2k in year 3. From now on, the blue cube next to the board indicates whenever a flood occurred in the last round to apply the discount on house prices. Moreover, please remember that the climate is becoming extreme: More heavy rainfall over the next years will decrease rain protection in all areas by 2, and the protection level for River floods in all areas will decrease by 1.','When an area is flooded, repairs are needed if houses are damaged, and potential buyers are discouraged from buying any homes. Floods result in house discounts: When an area is flooded, houses decrease in value: 10k in year 1, 5k in year 2, and 2k in year 3. From now on, the blue cube next to the board indicates whenever a flood occurred in the last round to apply the discount on house prices. Moreover, please remember that the climate is becoming extreme: More heavy rainfall over the next years will decrease rain protection in all areas by 2, and the protection level for River floods in all areas will decrease by 1.',2,13),(85,'3: Taxes increase','Areas that are nature enhance water quality, reduce air pollution, and conserve natural habitats. This, in turn, results in human well-being and biodiversity benefits. However, due to the increasing demand in such areas, the municipality had to increase the taxes to maintain the area.\r\n\r\nFrom this round, the taxes of the natucity area for each household number increases by 5.','Areas that are nature enhance water quality, reduce air pollution, and conserve natural habitats. This, in turn, results in human well-being and biodiversity benefits. However, due to the increasing demand in such areas, the municipality had to increase the taxes to maintain the area.\r\n\r\nFrom this round, the taxes of the natucity area for each household number increases by 5.',3,13),(86,'4: Natucitys beauty','The municipality used the money you pay for taxes to improve the area, given that they can also use it against floods. Therefore, you receive a one-time bonus satisfaction of 2 points if you live in Natucity, and you gain 1 satisfaction point as you move there (instead of losing 1 point for moving).','The municipality used the money you pay for taxes to improve the area, given that they can also use it against floods. Therefore, you receive a one-time bonus satisfaction of 2 points if you live in Natucity, and you gain 1 satisfaction point as you move there (instead of losing 1 point for moving).',4,13),(88,'0: General Introduction','Welcome to Where We Move, a housing data collection game that supports governments and residents in joining efforts for climate action. The goal of the game is to increase your satisfaction as much as possible. During the game, we will ask you to register the game choices on this website. All choices are only linked to your player ID so that results are anonymous. But please know that there are no wrong answers or choices, we just want to know what you would do in the game, not test you. Still, take some care while filling in your responses so that from the game data analysis, we can get insights for risk communication.','Welcome to Where We Move, a housing data collection game that supports governments and residents in joining efforts for climate action. We will ask you to register the game choices on this website during the game. All choices are only linked to your player ID, so results are anonymous.',0,14),(89,'1: Introduction','Every area on the map is a housing area. Natucity is surrounded by relatively large nature areas. Diketown is an urban area that is not necessarily surrounded by large natural or water areas but is protected by a dike and has more space for houses. The Unbesvillage is a nice area beside a river or a water channel. Every area has some municipal taxes to pay. Check your budget and expectations overview to know what you must pay every round to keep in mind when buying a house. Look at the map to start thinking about where you would prefer to live.','Every area on the map is a housing area. Natucity is surrounded by relatively large nature areas. Diketown is an urban area that is not necessarily surrounded by large natural or water areas but is protected by a dike and has more space for houses. The Unbesvillage is a nice area beside a river or a water channel. Every area has some municipal taxes to pay. Check your budget and expectations overview to know what you must pay every round to keep in mind when buying a house. Look at the map to start thinking about where you would prefer to live.',1,14),(90,'2: House discounts and More rain','Every area on the map is a housing area. Natucity is surrounded by relatively large nature areas. Diketown is an urban area that is not necessarily surrounded by large natural or water areas but is protected by a dike and has more space for houses. The Unbesvillage is a nice area beside a river or a water channel. Every area has some municipal taxes to pay. Check your budget and expectations overview to know what you must pay every round to keep in mind when buying a house. Look at the map to start thinking about where you would prefer to live.','Every area on the map is a housing area. Natucity is surrounded by relatively large nature areas. Diketown is an urban area that is not necessarily surrounded by large natural or water areas but is protected by a dike and has more space for houses. The Unbesvillage is a nice area beside a river or a water channel. Every area has some municipal taxes to pay. Check your budget and expectations overview to know what you must pay every round to keep in mind when buying a house. Look at the map to start thinking about where you would prefer to live.',2,14),(91,'3: Taxes increase','Areas that are nature enhance water quality, reduce air pollution, and conserve natural habitats. This, in turn, results in human well-being and biodiversity benefits. However, due to the increasing demand in such areas, the municipality had to increase the taxes to maintain the area.\r\n\r\nFrom this round, the taxes of the natucity area for each household number increases by 5.','Areas that are nature enhance water quality, reduce air pollution, and conserve natural habitats. This, in turn, results in human well-being and biodiversity benefits. However, due to the increasing demand in such areas, the municipality had to increase the taxes to maintain the area.\r\n\r\nFrom this round, the taxes of the natucity area for each household number increases by 5.',3,14),(92,'4: Natucitys beauty','The municipality used the money you pay for taxes to improve the area, given that they can also use it against floods. Therefore, you receive a one-time bonus satisfaction of 2 points if you live in Natucity, and you gain 1 satisfaction point as you move there (instead of losing 1 point for moving).','The municipality used the money you pay for taxes to improve the area, given that they can also use it against floods. Therefore, you receive a one-time bonus satisfaction of 2 points if you live in Natucity, and you gain 1 satisfaction point as you move there (instead of losing 1 point for moving).',4,14),(94,'0: General Introduction','Welcome to Where We Move, a housing data collection game that supports governments and residents in joining efforts for climate action. We will ask you to register the game choices on this website during the game. All choices are only linked to your player ID, so results are anonymous.','Welcome to Where We Move, a housing data collection game that supports governments and residents in joining efforts for climate action. We will ask you to register the game choices on this website during the game. All choices are only linked to your player ID, so results are anonymous.',0,15),(95,'1: Introduction','Every area on the map is a housing area. Natucity is surrounded by relatively large nature areas. Diketown is an urban area that is not necessarily surrounded by large natural or water areas but is protected by a dike and has more space for houses. The Unbesvillage is a nice area beside a river or a water channel. Every area has some municipal taxes to pay. Check your budget and expectations overview to know what you must pay every round to keep in mind when buying a house. Look at the map to start thinking about where you would prefer to live.','Every area on the map is a housing area. Natucity is surrounded by relatively large nature areas. Diketown is an urban area that is not necessarily surrounded by large natural or water areas but is protected by a dike and has more space for houses. The Unbesvillage is a nice area beside a river or a water channel. Every area has some municipal taxes to pay. Check your budget and expectations overview to know what you must pay every round to keep in mind when buying a house. Look at the map to start thinking about where you would prefer to live.',1,15),(96,'2: House discounts and More rain','When an area is flooded, repairs are needed if houses are damaged, and potential buyers are discouraged from buying any homes. Floods result in house discounts: When an area is flooded, houses decrease in value: 10k in year 1, 5k in year 2, and 2k in year 3. From now on, the blue cube next to the board indicates whenever a flood occurred in the last round to apply the discount on house prices. Moreover, please remember that the climate is becoming extreme: More heavy rainfall over the next years will decrease rain protection in all areas by 2, and the protection level for River floods in all areas will decrease by 1.','When an area is flooded, repairs are needed if houses are damaged, and potential buyers are discouraged from buying any homes. Floods result in house discounts: When an area is flooded, houses decrease in value: 10k in year 1, 5k in year 2, and 2k in year 3. From now on, the blue cube next to the board indicates whenever a flood occurred in the last round to apply the discount on house prices. Moreover, please remember that the climate is becoming extreme: More heavy rainfall over the next years will decrease rain protection in all areas by 2, and the protection level for River floods in all areas will decrease by 1.',2,15),(97,'3: Taxes increase','Areas that are nature enhance water quality, reduce air pollution, and conserve natural habitats. This, in turn, results in human well-being and biodiversity benefits. However, due to the increasing demand in such areas, the municipality had to increase the taxes to maintain the area.\r\n\r\nFrom this round, the taxes of the natucity area for each household number increases by 5.','Areas that are nature enhance water quality, reduce air pollution, and conserve natural habitats. This, in turn, results in human well-being and biodiversity benefits. However, due to the increasing demand in such areas, the municipality had to increase the taxes to maintain the area.\r\n\r\nFrom this round, the taxes of the natucity area for each household number increases by 5.',3,15),(98,'4: Natucitys beauty','The municipality used the money you pay for taxes to improve the area, given that they can also use it against floods. Therefore, you receive a one-time bonus satisfaction of 2 points if you live in Natucity, and you gain 1 satisfaction point as you move there (instead of losing 1 point for moving).','The municipality used the money you pay for taxes to improve the area, given that they can also use it against floods. Therefore, you receive a one-time bonus satisfaction of 2 points if you live in Natucity, and you gain 1 satisfaction point as you move there (instead of losing 1 point for moving).',4,15),(99,'0: General Introduction','Welcome to Where We Move, a housing data collection game that supports governments and residents in joining efforts for climate action. The goal of the game is to increase your satisfaction as much as possible. During the game, we will ask you to register the game choices on this website. All choices are only linked to your player ID so that results are anonymous. But please know that there are no wrong answers or choices, we just want to know what you would do in the game, not test you. Still, take some care while filling in your responses so that from the game data analysis, we can get insights for risk communication.','Welcome to Where We Move, a housing data collection game that supports governments and residents in joining efforts for climate action. We will ask you to register the game choices on this website during the game. All choices are only linked to your player ID, so results are anonymous.',0,16),(100,'1: Introduction','Every area on the map is a housing area. Natucity is surrounded by relatively large nature areas. Diketown is an urban area that is not necessarily surrounded by large natural or water areas but is protected by a dike and has more space for houses. The Unbesvillage is a nice area beside a river or a water channel. Every area has some municipal taxes to pay. Check your budget and expectations overview to know what you must pay every round to keep in mind when buying a house. Look at the map to start thinking about where you would prefer to live.','Every area on the map is a housing area. Natucity is surrounded by relatively large nature areas. Diketown is an urban area that is not necessarily surrounded by large natural or water areas but is protected by a dike and has more space for houses. The Unbesvillage is a nice area beside a river or a water channel. Every area has some municipal taxes to pay. Check your budget and expectations overview to know what you must pay every round to keep in mind when buying a house. Look at the map to start thinking about where you would prefer to live.',1,16),(101,'2: House discounts and More rain','Every area on the map is a housing area. Natucity is surrounded by relatively large nature areas. Diketown is an urban area that is not necessarily surrounded by large natural or water areas but is protected by a dike and has more space for houses. The Unbesvillage is a nice area beside a river or a water channel. Every area has some municipal taxes to pay. Check your budget and expectations overview to know what you must pay every round to keep in mind when buying a house. Look at the map to start thinking about where you would prefer to live.','Every area on the map is a housing area. Natucity is surrounded by relatively large nature areas. Diketown is an urban area that is not necessarily surrounded by large natural or water areas but is protected by a dike and has more space for houses. The Unbesvillage is a nice area beside a river or a water channel. Every area has some municipal taxes to pay. Check your budget and expectations overview to know what you must pay every round to keep in mind when buying a house. Look at the map to start thinking about where you would prefer to live.',2,16),(102,'3: Taxes increase','Areas that are nature enhance water quality, reduce air pollution, and conserve natural habitats. This, in turn, results in human well-being and biodiversity benefits. However, due to the increasing demand in such areas, the municipality had to increase the taxes to maintain the area.\r\n\r\nFrom this round, the taxes of the natucity area for each household number increases by 5.','Areas that are nature enhance water quality, reduce air pollution, and conserve natural habitats. This, in turn, results in human well-being and biodiversity benefits. However, due to the increasing demand in such areas, the municipality had to increase the taxes to maintain the area.\r\n\r\nFrom this round, the taxes of the natucity area for each household number increases by 5.',3,16),(103,'4: Natucitys beauty','The municipality used the money you pay for taxes to improve the area, given that they can also use it against floods. Therefore, you receive a one-time bonus satisfaction of 2 points if you live in Natucity, and you gain 1 satisfaction point as you move there (instead of losing 1 point for moving).','The municipality used the money you pay for taxes to improve the area, given that they can also use it against floods. Therefore, you receive a one-time bonus satisfaction of 2 points if you live in Natucity, and you gain 1 satisfaction point as you move there (instead of losing 1 point for moving).',4,16);
/*!40000 ALTER TABLE `newsitem` ENABLE KEYS */;
UNLOCK TABLES;

--
-- Table structure for table `personalmeasure`
--

DROP TABLE IF EXISTS `personalmeasure`;
/*!40101 SET @saved_cs_client     = @@character_set_client */;
/*!40101 SET character_set_client = utf8 */;
CREATE TABLE `personalmeasure` (
  `id` int(10) unsigned NOT NULL AUTO_INCREMENT,
  `measuretype_id` int(10) unsigned NOT NULL,
  `playerround_id` int(10) unsigned NOT NULL,
  PRIMARY KEY (`id`),
  UNIQUE KEY `id_UNIQUE` (`id`),
  KEY `fk_personalmeasure_measuretype1_idx` (`measuretype_id`),
  KEY `fk_personalmeasure_playerround1_idx` (`playerround_id`),
  CONSTRAINT `fk_personalmeasure_measuretype1` FOREIGN KEY (`measuretype_id`) REFERENCES `measuretype` (`id`) ON DELETE NO ACTION ON UPDATE NO ACTION,
  CONSTRAINT `fk_personalmeasure_playerround1` FOREIGN KEY (`playerround_id`) REFERENCES `playerround` (`id`) ON DELETE NO ACTION ON UPDATE NO ACTION
) ENGINE=InnoDB DEFAULT CHARSET=utf8mb4 COLLATE=utf8mb4_general_ci;
/*!40101 SET character_set_client = @saved_cs_client */;

--
-- Dumping data for table `personalmeasure`
--

LOCK TABLES `personalmeasure` WRITE;
/*!40000 ALTER TABLE `personalmeasure` DISABLE KEYS */;
/*!40000 ALTER TABLE `personalmeasure` ENABLE KEYS */;
UNLOCK TABLES;

--
-- Table structure for table `player`
--

DROP TABLE IF EXISTS `player`;
/*!40101 SET @saved_cs_client     = @@character_set_client */;
/*!40101 SET character_set_client = utf8 */;
CREATE TABLE `player` (
  `id` int(10) unsigned NOT NULL AUTO_INCREMENT,
  `code` varchar(16) NOT NULL,
  `user_id` int(10) unsigned DEFAULT NULL,
  `group_id` int(10) unsigned NOT NULL,
  `welfaretype_id` int(10) unsigned NOT NULL,
  PRIMARY KEY (`id`),
  UNIQUE KEY `id_UNIQUE` (`id`),
  KEY `fk_player_user1_idx` (`user_id`),
  KEY `fk_player_group1_idx` (`group_id`),
  KEY `fk_player_welfaretype1_idx` (`welfaretype_id`),
  CONSTRAINT `fk_player_group1` FOREIGN KEY (`group_id`) REFERENCES `group` (`id`) ON DELETE NO ACTION ON UPDATE NO ACTION,
  CONSTRAINT `fk_player_user1` FOREIGN KEY (`user_id`) REFERENCES `user` (`id`) ON DELETE NO ACTION ON UPDATE NO ACTION,
  CONSTRAINT `fk_player_welfaretype1` FOREIGN KEY (`welfaretype_id`) REFERENCES `welfaretype` (`id`) ON DELETE NO ACTION ON UPDATE NO ACTION
) ENGINE=InnoDB AUTO_INCREMENT=484 DEFAULT CHARSET=utf8mb4 COLLATE=utf8mb4_general_ci;
/*!40101 SET character_set_client = @saved_cs_client */;

--
-- Dumping data for table `player`
--

LOCK TABLES `player` WRITE;
/*!40000 ALTER TABLE `player` DISABLE KEYS */;
INSERT INTO `player` VALUES (156,'t1p1',NULL,27,9),(157,'t1p2',NULL,27,13),(158,'t1p3',NULL,27,11),(159,'t1p4',NULL,27,12),(160,'t1p5',NULL,27,10),(161,'t1p6',NULL,27,8),(162,'t1p7',NULL,27,9),(163,'t1p8',NULL,27,13),(164,'t2p1',NULL,28,9),(165,'t2p2',NULL,28,13),(166,'t2p3',NULL,28,11),(167,'t2p4',NULL,28,12),(168,'t2p5',NULL,28,10),(169,'t2p6',NULL,28,8),(170,'t2p7',NULL,28,9),(171,'t2p8',NULL,28,13),(172,'t3p1',NULL,29,9),(173,'t3p2',NULL,29,13),(174,'t3p3',NULL,29,11),(175,'t3p4',NULL,29,12),(176,'t3p5',NULL,29,10),(177,'t3p6',NULL,29,8),(178,'t3p7',NULL,29,9),(179,'t3p8',NULL,29,13),(180,'t4p1',NULL,30,18),(181,'t4p2',NULL,30,16),(182,'t4p3',NULL,30,17),(183,'t4p4',NULL,30,15),(184,'t4p5',NULL,30,14),(185,'t4p6',NULL,30,19),(186,'t4p7',NULL,30,18),(187,'t4p8',NULL,30,16),(188,'t5p1',NULL,31,18),(189,'t5p2',NULL,31,16),(190,'t5p3',NULL,31,17),(191,'t5p4',NULL,31,15),(192,'t5p5',NULL,31,14),(193,'t5p6',NULL,31,19),(194,'t5p7',NULL,31,18),(195,'t5p8',NULL,31,16),(196,'t6p1',NULL,32,18),(197,'t6p2',NULL,32,16),(198,'t6p3',NULL,32,17),(199,'t6p4',NULL,32,15),(200,'t6p5',NULL,32,14),(201,'t6p6',NULL,32,19),(202,'t6p7',NULL,32,18),(203,'t6p8',NULL,32,16),(204,'t1p1',NULL,33,8),(205,'t1p2',8,33,9),(206,'t1p3',9,33,10),(207,'t1p4',10,33,12),(208,'t1p5',11,33,13),(209,'t1p6',13,33,11),(210,'t1p7',7,33,8),(211,'t1p8',NULL,33,9),(212,'t2p1',NULL,34,8),(213,'t2p2',NULL,34,9),(214,'t2p3',NULL,34,10),(215,'t2p4',NULL,34,12),(216,'t2p5',NULL,34,13),(217,'t2p6',NULL,34,11),(218,'t2p7',NULL,34,8),(219,'t2p8',NULL,34,9),(220,'t3p1',NULL,35,8),(221,'t3p2',NULL,35,9),(222,'t3p3',NULL,35,10),(223,'t3p4',NULL,35,12),(224,'t3p5',NULL,35,13),(225,'t3p6',NULL,35,11),(226,'t3p7',NULL,35,8),(227,'t3p8',NULL,35,9),(228,'t4p1',NULL,36,18),(229,'t4p2',NULL,36,14),(230,'t4p3',NULL,36,16),(231,'t4p4',NULL,36,17),(232,'t4p5',NULL,36,15),(233,'t4p6',NULL,36,19),(234,'t4p7',NULL,36,18),(235,'t4p8',NULL,36,14),(236,'t5p1',NULL,37,18),(237,'t5p2',NULL,37,14),(238,'t5p3',NULL,37,16),(239,'t5p4',NULL,37,17),(240,'t5p5',NULL,37,15),(241,'t5p6',NULL,37,19),(242,'t5p7',NULL,37,18),(243,'t5p8',NULL,37,14),(244,'t6p1',NULL,38,18),(245,'t6p2',NULL,38,14),(246,'t6p3',NULL,38,16),(247,'t6p4',NULL,38,17),(248,'t6p5',NULL,38,15),(249,'t6p6',NULL,38,19),(250,'t6p7',NULL,38,18),(251,'t6p8',NULL,38,14),(252,'t1p1',NULL,39,15),(253,'t1p2',NULL,39,16),(254,'t1p3',NULL,39,17),(255,'t1p4',NULL,39,14),(256,'t1p5',NULL,39,19),(257,'t1p6',NULL,39,18),(258,'t1p7',NULL,39,16),(259,'t1p8',NULL,39,17),(260,'t2p1',NULL,40,15),(261,'t2p2',NULL,40,16),(262,'t2p3',NULL,40,17),(263,'t2p4',NULL,40,14),(264,'t2p5',NULL,40,19),(265,'t2p6',NULL,40,18),(266,'t2p7',NULL,40,15),(267,'t2p8',NULL,40,16),(268,'t3p1',NULL,41,15),(269,'t3p2',NULL,41,16),(270,'t3p3',NULL,41,17),(271,'t3p4',NULL,41,14),(272,'t3p5',NULL,41,19),(273,'t3p6',NULL,41,18),(274,'t3p7',NULL,41,15),(275,'t3p8',NULL,41,16),(276,'t4p1',NULL,42,15),(277,'t4p2',NULL,42,16),(278,'t4p3',NULL,42,17),(279,'t4p4',NULL,42,14),(280,'t4p5',NULL,42,19),(281,'t4p6',NULL,42,18),(282,'t4p7',NULL,42,15),(283,'t4p8',NULL,42,16),(284,'t5p1',NULL,43,15),(285,'t5p2',NULL,43,16),(286,'t5p3',NULL,43,17),(287,'t5p4',NULL,43,14),(288,'t5p5',NULL,43,19),(289,'t5p6',NULL,43,18),(290,'t5p7',NULL,43,15),(291,'t5p8',NULL,43,16),(292,'t6p1',NULL,44,15),(293,'t6p2',NULL,44,16),(294,'t6p3',NULL,44,17),(295,'t6p4',NULL,44,14),(296,'t6p5',NULL,44,19),(297,'t6p6',NULL,44,18),(298,'t6p7',NULL,44,15),(299,'t6p8',NULL,44,16),(300,'t1p1',NULL,45,15),(301,'t1p2',NULL,45,18),(302,'t1p3',NULL,45,19),(303,'t1p4',NULL,45,16),(304,'t1p5',NULL,45,17),(305,'t1p6',NULL,45,14),(306,'t1p7',NULL,45,15),(307,'t1p8',NULL,45,18),(308,'t2p1',NULL,46,15),(309,'t2p2',NULL,46,18),(310,'t2p3',NULL,46,19),(311,'t2p4',NULL,46,16),(312,'t2p5',NULL,46,17),(313,'t2p6',NULL,46,14),(314,'t2p7',NULL,46,15),(315,'t2p8',NULL,46,18),(316,'t3p1',NULL,47,15),(317,'t3p2',NULL,47,18),(318,'t3p3',NULL,47,19),(319,'t3p4',NULL,47,16),(320,'t3p5',NULL,47,17),(321,'t3p6',NULL,47,14),(322,'t3p7',NULL,47,15),(323,'t3p8',NULL,47,18),(340,'t1p1',NULL,50,8),(341,'t1p2',NULL,50,13),(342,'t1p3',NULL,50,11),(343,'t1p4',NULL,50,10),(344,'t1p5',NULL,50,9),(345,'t1p6',NULL,50,12),(346,'t1p7',NULL,50,8),(347,'t1p8',NULL,50,13),(348,'t2p1',NULL,51,8),(349,'t2p2',NULL,51,13),(350,'t2p3',NULL,51,11),(351,'t2p4',NULL,51,10),(352,'t2p5',NULL,51,9),(353,'t2p6',NULL,51,12),(354,'t2p7',NULL,51,8),(355,'t2p8',NULL,51,13),(356,'t3p1',NULL,52,8),(357,'t3p2',NULL,52,13),(358,'t3p3',NULL,52,11),(359,'t3p4',NULL,52,10),(360,'t3p5',NULL,52,9),(361,'t3p6',NULL,52,12),(362,'t3p7',NULL,52,8),(363,'t3p8',NULL,52,13),(364,'t4p1',NULL,53,8),(365,'t4p2',NULL,53,13),(366,'t4p3',NULL,53,11),(367,'t4p4',NULL,53,10),(368,'t4p5',NULL,53,9),(369,'t4p6',NULL,53,12),(370,'t4p7',NULL,53,8),(371,'t4p8',NULL,53,13),(372,'t5p1',NULL,54,8),(373,'t5p2',NULL,54,13),(374,'t5p3',NULL,54,11),(375,'t5p4',NULL,54,10),(376,'t5p5',NULL,54,9),(377,'t5p6',NULL,54,12),(378,'t5p7',NULL,54,8),(379,'t5p8',NULL,54,13),(380,'t6p1',NULL,55,8),(381,'t6p2',NULL,55,13),(382,'t6p3',NULL,55,11),(383,'t6p4',NULL,55,10),(384,'t6p5',NULL,55,9),(385,'t6p6',NULL,55,12),(386,'t6p7',NULL,55,8),(387,'t6p8',NULL,55,13),(388,'t1p1',NULL,56,70),(389,'t1p2',NULL,56,72),(390,'t1p3',NULL,56,69),(391,'t1p4',NULL,56,74),(392,'t1p5',NULL,56,71),(393,'t1p6',NULL,56,73),(394,'t1p7',NULL,56,71),(395,'t1p8',NULL,56,72),(396,'t2p1',NULL,57,70),(397,'t2p2',NULL,57,72),(398,'t2p3',NULL,57,69),(399,'t2p4',NULL,57,74),(400,'t2p5',NULL,57,71),(401,'t2p6',NULL,57,73),(402,'t2p7',NULL,57,71),(403,'t2p8',NULL,57,72),(404,'t3p1',NULL,58,70),(405,'t3p2',NULL,58,72),(406,'t3p3',NULL,58,69),(407,'t3p4',NULL,58,74),(408,'t3p5',NULL,58,71),(409,'t3p6',NULL,58,73),(410,'t3p7',NULL,58,71),(411,'t3p8',NULL,58,72),(412,'t4p1',NULL,59,70),(413,'t4p2',NULL,59,72),(414,'t4p3',NULL,59,69),(415,'t4p4',NULL,59,74),(416,'t4p5',NULL,59,71),(417,'t4p6',NULL,59,73),(418,'t4p7',NULL,59,71),(419,'t4p8',NULL,59,72),(420,'t5p1',NULL,60,70),(421,'t5p2',NULL,60,72),(422,'t5p3',NULL,60,69),(423,'t5p4',NULL,60,74),(424,'t5p5',NULL,60,71),(425,'t5p6',NULL,60,73),(426,'t5p7',NULL,60,71),(427,'t5p8',NULL,60,72),(428,'t6p1',NULL,61,70),(429,'t6p2',NULL,61,72),(430,'t6p3',NULL,61,69),(431,'t6p4',NULL,61,74),(432,'t6p5',NULL,61,71),(433,'t6p6',NULL,61,73),(434,'t6p7',NULL,61,71),(435,'t6p8',NULL,61,72),(436,'t1p1',NULL,62,83),(437,'t1p2',NULL,62,82),(438,'t1p3',NULL,62,81),(439,'t1p4',NULL,62,85),(440,'t1p5',NULL,62,84),(441,'t1p6',NULL,62,86),(442,'t1p7',NULL,62,83),(443,'t1p8',NULL,62,82),(444,'t2p1',NULL,63,83),(445,'t2p2',NULL,63,82),(446,'t2p3',NULL,63,81),(447,'t2p4',NULL,63,85),(448,'t2p5',NULL,63,84),(449,'t2p6',NULL,63,86),(450,'t2p7',NULL,63,83),(451,'t2p8',NULL,63,82),(452,'t3p1',NULL,64,83),(453,'t3p2',NULL,64,82),(454,'t3p3',NULL,64,81),(455,'t3p4',NULL,64,85),(456,'t3p5',NULL,64,84),(457,'t3p6',NULL,64,86),(458,'t3p7',NULL,64,83),(459,'t3p8',NULL,64,82),(460,'t4p1',NULL,65,83),(461,'t4p2',NULL,65,82),(462,'t4p3',NULL,65,81),(463,'t4p4',NULL,65,85),(464,'t4p5',NULL,65,84),(465,'t4p6',NULL,65,86),(466,'t4p7',NULL,65,83),(467,'t4p8',NULL,65,82),(468,'t5p1',NULL,66,83),(469,'t5p2',NULL,66,82),(470,'t5p3',NULL,66,81),(471,'t5p4',NULL,66,85),(472,'t5p5',NULL,66,84),(473,'t5p6',NULL,66,86),(474,'t5p7',NULL,66,83),(475,'t5p8',NULL,66,82),(476,'t6p1',NULL,67,83),(477,'t6p2',NULL,67,82),(478,'t6p3',NULL,67,81),(479,'t6p4',NULL,67,85),(480,'t6p5',NULL,67,84),(481,'t6p6',NULL,67,86),(482,'t6p7',NULL,67,83),(483,'t6p8',NULL,67,82);
/*!40000 ALTER TABLE `player` ENABLE KEYS */;
UNLOCK TABLES;

--
-- Table structure for table `playerround`
--

DROP TABLE IF EXISTS `playerround`;
/*!40101 SET @saved_cs_client     = @@character_set_client */;
/*!40101 SET character_set_client = utf8 */;
CREATE TABLE `playerround` (
  `id` int(10) unsigned NOT NULL AUTO_INCREMENT,
  `create_time` timestamp NULL DEFAULT current_timestamp(),
  `round_income` int(10) unsigned NOT NULL DEFAULT 0,
  `living_costs` int(10) unsigned NOT NULL DEFAULT 0,
  `paid_debt` int(10) unsigned NOT NULL DEFAULT 0,
  `mortgage_payment` int(10) unsigned NOT NULL DEFAULT 0,
  `profit_sold_house` int(11) NOT NULL DEFAULT 0,
  `spent_savings_for_buying_house` int(10) unsigned NOT NULL DEFAULT 0,
  `cost_taxes` int(10) unsigned NOT NULL DEFAULT 0,
  `cost_measures_bought` int(10) unsigned NOT NULL DEFAULT 0,
  `cost_satisfaction_bought` int(10) unsigned NOT NULL DEFAULT 0,
  `cost_fluvial_damage` int(10) unsigned NOT NULL DEFAULT 0,
  `cost_pluvial_damage` int(10) unsigned NOT NULL DEFAULT 0,
  `spendable_income` int(11) NOT NULL DEFAULT 0,
  `satisfaction_move_penalty` int(10) unsigned NOT NULL DEFAULT 0,
  `satisfaction_house_rating_delta` int(11) NOT NULL DEFAULT 0,
  `satisfaction_house_measures` int(10) unsigned NOT NULL DEFAULT 0,
  `satisfaction_personal_measures` int(10) unsigned NOT NULL DEFAULT 0,
  `satisfaction_fluvial_penalty` int(10) unsigned NOT NULL DEFAULT 0,
  `satisfaction_pluvial_penalty` int(10) unsigned NOT NULL DEFAULT 0,
  `satisfaction_debt_penalty` int(10) unsigned NOT NULL DEFAULT 0,
  `satisfaction_personal_total` int(11) NOT NULL DEFAULT 0,
  `preferred_house_rating` int(10) unsigned NOT NULL DEFAULT 0,
  `maximum_mortgage` int(10) unsigned NOT NULL DEFAULT 0,
  `mortgage_house_start` int(10) unsigned NOT NULL DEFAULT 0,
  `mortgage_left_start` int(10) unsigned NOT NULL DEFAULT 0,
  `house_price_sold` int(10) unsigned DEFAULT NULL,
  `house_price_bought` int(10) unsigned DEFAULT NULL,
  `mortgage_house_end` int(10) unsigned NOT NULL DEFAULT 0,
  `mortgage_left_end` int(10) unsigned NOT NULL DEFAULT 0,
  `movingreason_id` int(10) unsigned DEFAULT NULL,
  `moving_reason_other` varchar(45) NOT NULL,
  `pluvial_base_protection` int(10) unsigned NOT NULL DEFAULT 0,
  `fluvial_base_protection` int(10) unsigned NOT NULL DEFAULT 0,
  `pluvial_community_delta` int(11) NOT NULL DEFAULT 0,
  `fluvial_community_delta` int(11) NOT NULL DEFAULT 0,
  `pluvial_house_delta` int(11) NOT NULL DEFAULT 0,
  `fluvial_house_delta` int(11) NOT NULL DEFAULT 0,
  `player_state` varchar(24) NOT NULL DEFAULT 'LOGIN',
  `player_id` int(10) unsigned NOT NULL,
  `groupround_id` int(10) unsigned NOT NULL,
  `start_housegroup_id` int(10) unsigned DEFAULT NULL,
  `final_housegroup_id` int(10) unsigned DEFAULT NULL,
  `active_transaction_id` int(10) unsigned DEFAULT NULL,
  PRIMARY KEY (`id`),
  UNIQUE KEY `id_UNIQUE` (`id`),
  KEY `fk_playerround_groupround1_idx` (`groupround_id`),
  KEY `fk_playerround_player1_idx` (`player_id`),
  KEY `fk_playerround_movingreason1_idx` (`movingreason_id`),
  KEY `fk_playerround_housegroup1_idx` (`start_housegroup_id`),
  KEY `fk_playerround_housegroup2_idx` (`final_housegroup_id`),
  KEY `fk_playerround_housetransaction1_idx` (`active_transaction_id`),
  CONSTRAINT `fk_playerround_groupround1` FOREIGN KEY (`groupround_id`) REFERENCES `groupround` (`id`) ON DELETE NO ACTION ON UPDATE NO ACTION,
  CONSTRAINT `fk_playerround_housegroup1` FOREIGN KEY (`start_housegroup_id`) REFERENCES `housegroup` (`id`) ON DELETE NO ACTION ON UPDATE NO ACTION,
  CONSTRAINT `fk_playerround_housegroup2` FOREIGN KEY (`final_housegroup_id`) REFERENCES `housegroup` (`id`) ON DELETE NO ACTION ON UPDATE NO ACTION,
  CONSTRAINT `fk_playerround_housetransaction1` FOREIGN KEY (`active_transaction_id`) REFERENCES `housetransaction` (`id`) ON DELETE NO ACTION ON UPDATE NO ACTION,
  CONSTRAINT `fk_playerround_movingreason1` FOREIGN KEY (`movingreason_id`) REFERENCES `movingreason` (`id`) ON DELETE NO ACTION ON UPDATE NO ACTION,
  CONSTRAINT `fk_playerround_player1` FOREIGN KEY (`player_id`) REFERENCES `player` (`id`) ON DELETE NO ACTION ON UPDATE NO ACTION
) ENGINE=InnoDB AUTO_INCREMENT=551 DEFAULT CHARSET=utf8mb4 COLLATE=utf8mb4_general_ci;
/*!40101 SET character_set_client = @saved_cs_client */;

--
-- Dumping data for table `playerround`
--

LOCK TABLES `playerround` WRITE;
/*!40000 ALTER TABLE `playerround` DISABLE KEYS */;
INSERT INTO `playerround` VALUES (76,'2023-12-14 10:55:10',50000,20000,0,0,0,0,0,0,0,0,0,0,0,0,0,0,0,0,0,5,3,80000,0,0,0,0,0,0,NULL,'',0,0,0,0,0,0,'LOGIN',212,13,NULL,NULL,NULL),(77,'2023-12-14 10:55:10',50000,20000,0,8000,0,20000,20000,0,0,0,0,-18000,0,0,0,0,0,0,0,5,3,80000,0,0,0,0,0,80000,NULL,'',0,0,0,0,0,0,'BOUGHT_HOUSE',212,14,NULL,13,NULL),(78,'2023-12-14 11:01:27',65000,30000,0,0,0,0,0,0,0,0,0,5000,0,0,0,0,0,0,0,5,4,110000,0,0,0,0,0,0,NULL,'',0,0,0,0,0,0,'LOGIN',213,13,NULL,NULL,NULL),(79,'2023-12-14 11:01:27',65000,30000,0,11000,0,15000,20000,0,0,0,0,-6000,0,0,0,0,0,0,0,5,4,110000,0,0,0,125000,110000,99000,NULL,'',0,0,0,0,0,0,'VIEW_SUMMARY',213,14,NULL,19,NULL),(80,'2023-12-14 12:14:03',80000,40000,0,0,0,0,0,0,0,0,0,15000,0,0,0,0,0,0,0,5,5,130000,0,0,0,0,0,0,NULL,'',0,0,0,0,0,0,'LOGIN',214,13,NULL,NULL,NULL),(81,'2023-12-14 12:14:03',80000,40000,0,13000,0,30000,0,0,0,0,0,12000,0,0,0,0,0,0,0,5,5,130000,0,0,0,160000,130000,117000,NULL,'',0,0,0,0,0,0,'VIEW_SUMMARY',214,14,NULL,16,NULL),(82,'2023-12-14 13:52:09',120000,65000,0,0,0,0,0,0,0,0,0,50000,0,0,0,0,0,0,0,5,7,200000,0,0,0,0,0,0,NULL,'',0,0,0,0,0,0,'LOGIN',215,13,NULL,NULL,NULL),(83,'2023-12-14 13:52:09',120000,65000,0,20000,0,100000,0,0,0,0,0,-15000,0,1,0,0,0,0,0,6,7,200000,0,0,0,300000,200000,180000,NULL,'',0,0,0,0,0,0,'ANSWER_SURVEY',215,14,NULL,14,NULL),(84,'2023-12-17 11:56:06',50000,20000,0,0,0,0,0,0,0,0,0,0,0,0,0,0,0,0,0,5,3,80000,0,0,0,0,0,0,NULL,'',0,0,0,0,0,0,'LOGIN',220,15,NULL,NULL,NULL),(87,'2023-12-17 13:31:26',180000,105000,0,0,0,0,0,0,0,0,0,80000,0,0,0,0,0,0,0,5,8,300000,0,0,0,0,0,0,NULL,'',0,0,0,0,0,0,'LOGIN',216,13,NULL,NULL,NULL),(88,'2023-12-17 13:31:26',180000,105000,0,30000,0,125000,0,0,0,0,0,0,0,1,0,0,0,0,0,6,8,300000,0,0,0,425000,300000,270000,NULL,'',0,0,0,0,0,0,'BOUGHT_HOUSE',216,14,NULL,11,NULL),(89,'2023-12-17 19:02:25',65000,30000,0,0,0,0,0,0,0,0,0,5000,0,0,0,0,0,0,0,5,4,110000,0,0,0,0,0,0,NULL,'',0,0,0,0,0,0,'LOGIN',219,13,NULL,NULL,NULL),(90,'2023-12-17 19:02:25',65000,30000,0,0,0,0,0,0,0,0,0,40000,0,0,0,0,0,0,0,5,4,110000,0,0,0,0,0,0,NULL,'',0,0,0,0,0,0,'VIEW_IMPROVEMENTS',219,14,NULL,20,NULL),(91,'2023-12-17 19:56:44',50000,20000,0,0,0,0,0,0,0,0,0,0,0,0,0,0,0,0,0,5,3,80000,0,0,0,0,0,0,NULL,'',0,0,0,0,0,0,'LOGIN',218,13,NULL,NULL,NULL),(92,'2023-12-17 19:56:44',50000,20000,0,0,0,0,0,0,0,0,0,30000,0,0,0,0,0,0,0,5,3,80000,0,0,0,0,0,0,NULL,'',0,0,0,0,0,0,'BOUGHT_HOUSE',218,14,NULL,17,NULL),(93,'2023-12-20 17:47:12',100000,50000,0,0,0,0,0,0,0,0,0,30000,0,0,0,0,0,0,0,5,6,170000,0,0,0,0,0,0,NULL,'',0,0,0,0,0,0,'LOGIN',217,13,NULL,NULL,NULL),(94,'2023-12-20 17:47:12',100000,50000,0,17000,0,30000,15000,0,0,0,0,18000,0,0,0,0,0,0,0,5,6,170000,0,0,0,200000,170000,153000,NULL,'',0,0,0,0,0,0,'VIEW_IMPROVEMENTS',217,14,NULL,12,NULL),(95,'2023-12-17 11:56:06',50000,20000,0,8000,0,20000,20000,0,0,0,0,-18000,0,0,0,0,0,0,0,5,3,80000,0,0,0,100000,80000,72000,NULL,'',0,0,0,0,0,0,'BUY_HOUSE_WAIT',220,19,NULL,33,15),(96,'2023-12-20 20:16:04',65000,30000,0,0,0,0,0,0,0,0,0,5000,0,0,0,0,0,0,0,5,4,110000,0,0,0,0,0,0,NULL,'',0,0,0,0,0,0,'LOGIN',221,15,NULL,NULL,NULL),(97,'2023-12-20 20:16:04',65000,30000,0,11000,0,15000,20000,0,0,0,0,-6000,0,0,0,0,0,0,0,5,4,110000,0,0,0,125000,110000,99000,NULL,'',0,0,0,0,0,0,'VIEW_IMPROVEMENTS',221,19,NULL,39,NULL),(98,'2023-12-20 20:16:26',80000,40000,0,0,0,0,0,0,0,0,0,15000,0,0,0,0,0,0,0,5,5,130000,0,0,0,0,0,0,NULL,'',0,0,0,0,0,0,'LOGIN',222,15,NULL,NULL,NULL),(99,'2023-12-20 20:16:26',80000,40000,0,13000,0,30000,20000,0,0,0,0,-8000,0,0,0,0,0,0,0,5,5,130000,0,0,0,160000,130000,117000,NULL,'',0,0,0,0,0,0,'BOUGHT_HOUSE',222,19,NULL,36,NULL),(100,'2023-12-20 20:16:55',120000,65000,0,0,0,0,0,0,0,0,0,50000,0,0,0,0,0,0,0,5,7,200000,0,0,0,0,0,0,NULL,'',0,0,0,0,0,0,'LOGIN',223,15,NULL,NULL,NULL),(101,'2023-12-20 20:16:55',120000,65000,0,20000,0,0,20000,0,0,0,0,65000,0,-1,0,0,0,0,0,4,7,200000,0,0,0,200000,200000,180000,NULL,'',0,0,0,0,0,0,'BOUGHT_HOUSE',223,19,NULL,38,NULL),(102,'2023-12-20 20:17:42',180000,105000,0,0,0,0,0,0,0,0,0,80000,0,0,0,0,0,0,0,5,8,300000,0,0,0,0,0,0,NULL,'',0,0,0,0,0,0,'LOGIN',224,15,NULL,NULL,NULL),(103,'2023-12-20 20:17:42',180000,105000,0,30000,0,125000,20000,0,0,0,0,-20000,0,1,0,0,0,0,0,6,8,300000,0,0,0,425000,300000,270000,NULL,'',0,0,0,0,0,0,'VIEW_IMPROVEMENTS',224,19,NULL,31,NULL),(104,'2023-12-20 20:33:35',100000,50000,0,0,0,0,0,0,0,0,0,30000,0,0,0,0,0,0,0,5,6,170000,0,0,0,0,0,0,NULL,'',0,0,0,0,0,0,'LOGIN',225,15,NULL,NULL,NULL),(105,'2023-12-20 20:33:35',100000,50000,0,17000,0,30000,15000,0,0,0,0,18000,0,0,0,0,0,0,0,5,6,170000,0,0,0,200000,170000,153000,NULL,'',0,0,0,0,0,0,'BOUGHT_HOUSE',225,19,NULL,32,NULL),(106,'2023-12-20 20:38:28',50000,20000,0,0,0,0,0,0,0,0,0,0,0,0,0,0,0,0,0,5,3,80000,0,0,0,0,0,0,NULL,'',0,0,0,0,0,0,'LOGIN',226,15,NULL,NULL,NULL),(107,'2023-12-20 20:38:28',50000,20000,0,8000,0,0,20000,0,0,0,0,2000,0,-1,0,0,0,0,0,4,3,80000,0,0,0,80000,80000,72000,NULL,'',0,0,0,0,0,0,'BOUGHT_HOUSE',226,19,NULL,37,NULL),(108,'2023-12-21 10:31:44',120000,65000,0,0,0,0,0,0,0,0,0,50000,0,0,0,0,0,0,0,5,7,200000,0,0,0,0,0,0,NULL,'',0,0,0,0,0,0,'LOGIN',236,18,NULL,NULL,NULL),(109,'2023-12-21 10:31:44',120000,65000,0,20000,0,100000,15000,0,0,0,0,-30000,0,1,0,0,0,0,0,6,7,200000,0,0,0,300000,200000,180000,NULL,'',0,0,0,0,0,0,'VIEW_IMPROVEMENTS',236,21,NULL,44,NULL),(110,'2023-12-21 10:33:17',50000,20000,0,0,0,0,0,0,0,0,0,0,0,0,0,0,0,0,0,5,3,80000,0,0,0,0,0,0,NULL,'',0,0,0,0,0,0,'LOGIN',237,18,NULL,NULL,NULL),(111,'2023-12-21 10:33:17',50000,20000,0,8000,0,0,15000,0,0,0,0,7000,0,-1,0,0,0,0,0,4,3,80000,0,0,0,80000,80000,72000,NULL,'',0,0,0,0,0,0,'VIEW_IMPROVEMENTS',237,21,NULL,47,NULL),(112,'2023-12-21 10:41:31',80000,40000,0,0,0,0,0,0,0,0,0,15000,0,0,0,0,0,0,0,5,5,130000,0,0,0,0,0,0,NULL,'',0,0,0,0,0,0,'LOGIN',238,18,NULL,NULL,NULL),(113,'2023-12-21 10:41:31',80000,40000,0,13000,0,30000,15000,0,0,0,0,-3000,0,0,0,0,0,0,0,5,5,130000,0,0,0,160000,130000,117000,NULL,'',0,0,0,0,0,0,'VIEW_IMPROVEMENTS',238,21,NULL,45,NULL),(114,'2023-12-21 10:49:17',100000,50000,0,0,0,0,0,0,0,0,0,30000,0,0,0,0,0,0,0,5,6,170000,0,0,0,0,0,0,NULL,'',0,0,0,0,0,0,'LOGIN',239,18,NULL,NULL,NULL),(115,'2023-12-21 10:49:17',100000,50000,0,17000,0,30000,20000,0,0,0,0,13000,0,0,0,0,0,0,0,5,6,170000,0,0,0,200000,170000,153000,NULL,'',0,0,0,0,0,0,'BUY_HOUSE_WAIT',239,21,NULL,48,NULL),(116,'2023-12-21 10:54:14',65000,30000,0,0,0,0,0,0,0,0,0,5000,0,0,0,0,0,0,0,5,4,110000,0,0,0,0,0,0,NULL,'',0,0,0,0,0,0,'LOGIN',240,18,NULL,NULL,NULL),(117,'2023-12-21 10:54:14',65000,30000,0,11000,0,15000,20000,0,0,0,0,-6000,0,0,0,0,0,0,0,5,4,110000,0,0,0,125000,110000,99000,NULL,'',0,0,0,0,0,0,'VIEW_IMPROVEMENTS',240,21,NULL,49,NULL),(118,'2023-12-21 11:04:07',180000,105000,0,0,0,0,0,0,0,0,0,80000,0,0,0,0,0,0,0,5,8,300000,0,0,0,0,0,0,NULL,'',0,0,0,0,0,0,'LOGIN',241,18,NULL,NULL,NULL),(119,'2023-12-21 11:04:07',180000,105000,0,30000,0,125000,20000,0,0,0,0,-20000,0,1,0,0,0,0,0,6,8,300000,0,0,0,425000,300000,270000,NULL,'',0,0,0,0,0,0,'VIEW_IMPROVEMENTS',241,21,NULL,41,NULL),(120,'2023-12-23 23:41:38',120000,65000,0,0,0,0,0,0,0,0,0,50000,0,0,0,0,0,0,0,5,7,200000,0,0,0,0,0,0,NULL,'',0,0,0,0,0,0,'LOGIN',244,22,NULL,NULL,NULL),(121,'2023-12-23 23:41:38',120000,65000,0,20000,0,100000,20000,0,0,0,4000,-39000,0,1,0,0,0,1,0,5,7,200000,0,0,0,300000,200000,180000,NULL,'',6,10,0,0,0,0,'VIEW_SUMMARY',244,23,NULL,54,NULL),(122,'2023-12-25 14:09:43',50000,20000,0,0,0,0,0,0,0,0,0,0,0,0,0,0,0,0,0,5,3,80000,0,0,0,0,0,0,NULL,'',0,0,0,0,0,0,'LOGIN',245,22,NULL,NULL,NULL),(123,'2023-12-25 16:34:35',80000,40000,0,0,0,0,0,0,0,0,0,15000,0,0,0,0,0,0,0,5,5,130000,0,0,0,0,0,0,NULL,'',0,0,0,0,0,0,'LOGIN',246,22,NULL,NULL,NULL),(124,'2023-12-25 16:34:35',80000,40000,0,13000,0,30000,20000,0,0,0,4000,-12000,0,0,0,0,0,1,0,4,5,130000,0,0,0,160000,130000,117000,NULL,' ',6,10,0,0,0,0,'VIEW_SUMMARY',246,23,NULL,55,NULL),(125,'2023-12-25 14:09:43',50000,20000,0,8000,0,20000,20000,0,0,0,0,-18000,0,0,0,0,0,0,0,5,3,80000,0,0,0,100000,80000,72000,NULL,'',8,10,0,0,0,0,'VIEW_SUMMARY',245,23,NULL,53,NULL),(126,'2023-12-29 17:06:00',100000,50000,0,0,0,0,0,0,0,0,0,30000,0,0,0,0,0,0,0,5,6,170000,0,0,0,0,0,0,NULL,'',0,0,0,0,0,0,'LOGIN',247,22,NULL,NULL,NULL),(127,'2023-12-29 17:06:00',100000,50000,0,17000,0,30000,20000,3000,10000,4000,0,-4000,0,0,0,1,2,0,0,4,6,170000,0,0,0,200000,170000,153000,NULL,'',8,7,0,0,0,0,'VIEW_SUMMARY',247,23,NULL,58,NULL),(128,'2023-12-30 02:35:15',65000,30000,0,0,0,0,0,0,0,0,0,5000,0,0,0,0,0,0,0,5,4,110000,0,0,0,0,0,0,NULL,'',0,0,0,0,0,0,'LOGIN',248,22,NULL,NULL,NULL),(129,'2023-12-30 02:35:15',65000,30000,0,11000,0,15000,20000,0,0,4000,0,-10000,0,0,0,0,2,0,0,3,4,110000,0,0,0,125000,110000,99000,NULL,'',8,7,0,0,0,0,'VIEW_SUMMARY',248,23,NULL,59,NULL),(130,'2023-12-30 11:49:05',180000,105000,0,0,0,0,0,0,0,0,0,80000,0,0,0,0,0,0,0,5,8,300000,0,0,0,0,0,0,NULL,'',0,0,0,0,0,0,'LOGIN',249,22,NULL,NULL,NULL),(131,'2023-12-30 11:49:05',180000,105000,0,30000,0,125000,20000,0,0,0,0,-20000,0,1,0,0,0,0,0,6,8,300000,0,0,0,425000,300000,270000,NULL,'',8,10,0,0,0,0,'VIEW_SUMMARY',249,23,NULL,51,NULL),(132,'2023-12-30 23:08:47',120000,65000,0,0,0,0,0,0,0,0,0,50000,0,0,0,0,0,0,0,5,7,200000,0,0,0,0,0,0,NULL,'',0,0,0,0,0,0,'LOGIN',250,22,NULL,NULL,NULL),(133,'2023-12-29 17:06:00',100000,50000,4000,17000,47000,30000,20000,0,10000,12000,0,4000,1,0,0,1,4,0,1,-1,6,170000,170000,153000,200000,200000,170000,153000,4,'',8,7,0,0,0,0,'VIEW_DAMAGE',247,25,58,58,NULL),(134,'2023-12-23 23:41:38',120000,65000,39000,20000,120000,0,15000,95000,0,0,0,6000,1,-1,7,0,0,0,1,3,7,200000,200000,180000,300000,200000,200000,180000,5,'',8,10,0,0,9,11,'VIEW_DAMAGE',244,25,54,61,NULL),(135,'2023-12-25 14:09:43',50000,20000,18000,8000,0,0,15000,0,0,0,0,-11000,0,0,0,0,0,0,1,4,3,80000,80000,72000,0,0,80000,64000,NULL,'',8,10,0,0,0,0,'VIEW_TAXES',245,25,53,53,NULL),(136,'2023-12-30 02:35:15',65000,30000,10000,11000,0,0,20000,0,0,12000,0,-18000,0,0,0,0,4,0,1,-2,4,110000,110000,99000,0,0,110000,88000,NULL,'',8,7,0,0,0,0,'VIEW_TAXES',248,25,59,59,NULL),(137,'2023-12-25 16:34:35',80000,40000,12000,13000,0,0,20000,0,0,0,4000,-9000,0,0,0,0,0,1,1,2,5,130000,130000,117000,0,0,130000,104000,NULL,'',6,10,0,0,0,0,'VIEW_DAMAGE',246,25,55,55,NULL),(138,'2023-12-30 11:49:05',180000,105000,20000,30000,0,0,15000,0,0,0,0,10000,0,0,0,0,0,0,1,5,8,300000,300000,270000,0,0,300000,240000,NULL,'',8,10,0,0,0,0,'VIEW_TAXES',249,25,51,51,NULL),(139,'2024-01-08 00:39:29',120000,65000,0,0,0,0,0,0,0,0,0,50000,0,0,0,0,0,0,0,5,7,200000,0,0,0,0,0,0,NULL,'',0,0,0,0,0,0,'LOGIN',228,26,NULL,NULL,NULL),(140,'2024-01-08 00:44:11',50000,20000,0,0,0,0,0,0,0,0,0,0,0,0,0,0,0,0,0,5,3,80000,0,0,0,0,0,0,NULL,'',0,0,0,0,0,0,'LOGIN',229,26,NULL,NULL,NULL),(141,'2024-01-08 00:39:29',120000,65000,0,20000,0,100000,15000,0,0,0,0,-30000,0,1,0,0,0,0,0,6,7,200000,0,0,0,300000,200000,180000,NULL,'',0,0,0,0,0,0,'VIEW_TAXES',228,27,NULL,69,NULL),(142,'2024-01-08 00:44:11',50000,20000,0,8000,0,0,15000,0,0,0,0,7000,0,-1,0,0,0,0,0,4,3,80000,0,0,0,80000,80000,72000,NULL,'',0,0,0,0,0,0,'VIEW_TAXES',229,27,NULL,72,NULL),(143,'2024-01-08 00:55:19',80000,40000,0,0,0,0,0,0,0,0,0,15000,0,0,0,0,0,0,0,5,5,130000,0,0,0,0,0,0,NULL,'',0,0,0,0,0,0,'LOGIN',230,26,NULL,NULL,NULL),(144,'2024-01-08 00:55:19',80000,40000,0,13000,0,30000,15000,0,0,0,0,-3000,0,0,0,0,0,0,0,5,5,130000,0,0,0,160000,130000,117000,NULL,'',0,0,0,0,0,0,'VIEW_TAXES',230,27,NULL,70,NULL),(145,'2024-01-08 00:55:30',100000,50000,0,0,0,0,0,0,0,0,0,30000,0,0,0,0,0,0,0,5,6,170000,0,0,0,0,0,0,NULL,'',0,0,0,0,0,0,'LOGIN',231,26,NULL,NULL,NULL),(146,'2024-01-08 00:55:30',100000,50000,0,17000,0,30000,15000,0,0,0,0,18000,0,0,0,0,0,0,0,5,6,170000,0,0,0,200000,170000,153000,NULL,'',0,0,0,0,0,0,'VIEW_TAXES',231,27,NULL,67,NULL),(147,'2024-01-08 00:55:40',65000,30000,0,0,0,0,0,0,0,0,0,5000,0,0,0,0,0,0,0,5,4,110000,0,0,0,0,0,0,NULL,'',0,0,0,0,0,0,'LOGIN',232,26,NULL,NULL,NULL),(148,'2024-01-08 00:55:40',65000,30000,0,10000,0,0,15000,0,0,0,0,15000,0,-1,0,0,0,0,0,4,4,110000,0,0,0,100000,100000,90000,NULL,'',0,0,0,0,0,0,'VIEW_TAXES',232,27,NULL,68,NULL),(149,'2024-01-08 00:56:03',180000,105000,0,0,0,0,0,0,0,0,0,80000,0,0,0,0,0,0,0,5,8,300000,0,0,0,0,0,0,NULL,'',0,0,0,0,0,0,'LOGIN',233,26,NULL,NULL,NULL),(150,'2024-01-08 00:56:03',180000,105000,0,30000,0,125000,15000,0,0,0,0,-15000,0,1,0,0,0,0,0,6,8,300000,0,0,0,425000,300000,270000,NULL,'',0,0,0,0,0,0,'VIEW_TAXES',233,27,NULL,66,NULL),(151,'2024-01-08 00:56:12',120000,65000,0,0,0,0,0,0,0,0,0,50000,0,0,0,0,0,0,0,5,7,200000,0,0,0,0,0,0,NULL,'',0,0,0,0,0,0,'LOGIN',234,26,NULL,NULL,NULL),(152,'2024-01-08 00:56:12',120000,65000,0,20000,0,0,20000,51000,13000,0,0,1000,0,-1,4,1,0,0,0,5,7,200000,0,0,0,200000,200000,180000,NULL,'',0,0,0,0,0,0,'SURVEY_COMPLETED',234,27,NULL,73,NULL),(153,'2024-01-08 00:56:21',50000,20000,0,0,0,0,0,0,0,0,0,0,0,0,0,0,0,0,0,5,3,80000,0,0,0,0,0,0,NULL,'',0,0,0,0,0,0,'LOGIN',235,26,NULL,NULL,NULL),(154,'2024-01-08 00:56:21',50000,20000,0,7000,0,0,20000,0,0,0,0,3000,0,-1,0,0,0,0,0,4,3,80000,0,0,0,70000,70000,63000,NULL,'',0,0,0,0,0,0,'VIEW_TAXES',235,27,NULL,75,NULL),(156,'2024-01-11 23:57:29',50000,20000,0,0,0,0,0,0,0,0,0,0,0,0,0,0,0,0,0,5,3,80000,0,0,0,0,0,0,NULL,'',0,0,0,0,0,0,'LOGIN',251,22,NULL,NULL,NULL),(157,'2024-01-29 16:07:47',65000,30000,0,0,0,0,0,0,0,0,0,5000,0,0,0,0,0,0,0,5,4,110000,0,0,0,0,0,0,NULL,'',0,0,0,0,0,0,'LOGIN',156,29,NULL,NULL,NULL),(158,'2024-01-29 16:07:47',65000,30000,0,11000,0,15000,20000,0,0,0,4000,-10000,0,0,0,0,0,1,0,4,4,110000,0,0,0,125000,110000,99000,NULL,'',8,7,0,0,0,0,'VIEW_SUMMARY',156,30,NULL,89,NULL),(159,'2024-01-29 16:07:47',65000,30000,10000,8000,26000,0,20000,23000,0,0,0,0,1,-2,1,0,0,0,1,0,4,110000,110000,99000,125000,80000,80000,72000,6,'',6,10,0,0,7,11,'VIEW_SUMMARY',156,31,89,93,NULL),(160,'2024-01-31 09:24:19',65000,30000,0,0,0,0,0,0,0,0,0,5000,0,0,0,0,0,0,0,5,4,110000,0,0,0,0,0,0,NULL,'',0,0,0,0,0,0,'LOGIN',164,33,NULL,NULL,NULL),(161,'2024-01-31 09:24:19',65000,30000,0,10000,0,0,20000,0,6000,0,4000,0,0,-1,0,1,0,1,0,4,4,110000,0,0,0,100000,100000,90000,NULL,'',8,10,0,0,0,0,'VIEW_SUMMARY',164,34,NULL,103,NULL),(162,'2024-01-31 09:24:19',65000,30000,0,10000,0,0,20000,3000,0,0,0,2000,0,0,0,0,0,0,0,4,4,110000,100000,90000,0,0,100000,80000,NULL,'',10,10,0,0,0,0,'SURVEY_COMPLETED',164,35,103,103,NULL),(163,'2024-01-29 16:07:47',65000,30000,0,0,0,0,0,0,0,0,0,35000,0,0,0,0,0,0,0,0,4,110000,80000,72000,0,0,80000,72000,NULL,'',10,10,0,0,7,11,'READ_BUDGET',156,32,93,93,NULL),(164,'2024-02-12 02:40:59',65000,30000,0,0,0,0,0,0,0,0,0,5000,0,0,0,0,0,0,0,5,4,110000,0,0,0,0,0,0,NULL,'',0,0,0,0,0,0,'LOGIN',172,37,NULL,NULL,NULL),(165,'2024-02-12 02:40:59',65000,30000,0,10000,0,0,20000,0,0,8000,4000,-2000,0,-1,0,0,3,1,0,0,4,110000,0,0,0,100000,100000,90000,NULL,'',8,10,0,0,0,0,'VIEW_SUMMARY',172,38,NULL,123,NULL),(170,'2024-02-19 08:28:14',50000,20000,0,0,0,0,0,0,0,0,0,0,0,0,0,0,0,0,0,5,3,80000,0,0,0,0,0,0,NULL,'',0,0,0,0,0,0,'LOGIN',204,42,NULL,NULL,NULL),(171,'2024-02-19 08:28:14',65000,30000,0,0,0,0,0,0,0,0,0,5000,0,0,0,0,0,0,0,5,4,110000,0,0,0,0,0,0,NULL,'',0,0,0,0,0,0,'LOGIN',205,42,NULL,NULL,NULL),(172,'2024-02-19 08:28:14',50000,20000,0,8000,0,20000,20000,0,0,4000,0,-22000,0,0,0,0,2,0,0,3,3,80000,0,0,0,100000,80000,72000,NULL,'',8,10,0,0,0,0,'VIEW_SUMMARY',204,43,NULL,148,NULL),(173,'2024-02-19 08:28:14',50000,20000,22000,8000,0,0,20000,0,0,0,4000,-24000,0,0,0,0,0,1,1,1,3,80000,80000,72000,0,0,80000,64000,NULL,'',8,10,0,0,0,0,'VIEW_SUMMARY',204,44,148,148,NULL),(188,'2024-04-04 09:04:40',50000,20000,0,0,0,0,0,0,0,0,0,0,0,0,0,0,0,0,0,5,3,80000,0,0,0,0,0,0,NULL,'',0,0,0,0,0,0,'LOGIN',340,56,NULL,NULL,NULL),(189,'2024-04-04 11:38:32',65000,30000,0,0,0,0,0,0,0,0,0,5000,0,0,0,0,0,0,0,5,4,110000,0,0,0,0,0,0,NULL,'',0,0,0,0,0,0,'LOGIN',352,57,NULL,NULL,NULL),(190,'2024-04-04 11:39:01',180000,105000,0,0,0,0,0,0,0,0,0,80000,0,0,0,0,0,0,0,5,8,300000,0,0,0,0,0,0,NULL,'',0,0,0,0,0,0,'LOGIN',349,57,NULL,NULL,NULL),(191,'2024-04-04 11:49:06',50000,20000,0,0,0,0,0,0,0,0,0,0,0,0,0,0,0,0,0,5,3,80000,0,0,0,0,0,0,NULL,'',0,0,0,0,0,0,'LOGIN',348,57,NULL,NULL,NULL),(192,'2024-04-04 11:51:16',80000,40000,0,0,0,0,0,0,0,0,0,15000,0,0,0,0,0,0,0,5,5,130000,0,0,0,0,0,0,NULL,'',0,0,0,0,0,0,'LOGIN',351,57,NULL,NULL,NULL),(193,'2024-04-04 11:52:10',100000,50000,0,0,0,0,0,0,0,0,0,30000,0,0,0,0,0,0,0,5,6,170000,0,0,0,0,0,0,NULL,'',0,0,0,0,0,0,'LOGIN',350,57,NULL,NULL,NULL),(194,'2024-04-04 11:52:36',100000,50000,0,0,0,0,0,0,0,0,0,30000,0,0,0,0,0,0,0,5,6,170000,0,0,0,0,0,0,NULL,'',0,0,0,0,0,0,'LOGIN',342,56,NULL,NULL,NULL),(195,'2024-04-04 11:54:42',180000,105000,0,0,0,0,0,0,0,0,0,80000,0,0,0,0,0,0,0,5,8,300000,0,0,0,0,0,0,NULL,'',0,0,0,0,0,0,'LOGIN',341,56,NULL,NULL,NULL),(196,'2024-04-04 11:55:59',80000,40000,0,0,0,0,0,0,0,0,0,15000,0,0,0,0,0,0,0,5,5,130000,0,0,0,0,0,0,NULL,'',0,0,0,0,0,0,'LOGIN',343,56,NULL,NULL,NULL),(197,'2024-04-04 11:56:14',65000,30000,0,0,0,0,0,0,0,0,0,5000,0,0,0,0,0,0,0,5,4,110000,0,0,0,0,0,0,NULL,'',0,0,0,0,0,0,'LOGIN',344,56,NULL,NULL,NULL),(198,'2024-04-04 12:13:39',120000,65000,0,0,0,0,0,0,0,0,0,50000,0,0,0,0,0,0,0,5,7,200000,0,0,0,0,0,0,NULL,'',0,0,0,0,0,0,'LOGIN',345,56,NULL,NULL,NULL),(199,'2024-04-04 12:13:39',120000,65000,0,20000,0,100000,20000,0,0,0,4000,-39000,0,1,0,0,0,1,0,5,7,200000,0,0,0,300000,200000,180000,NULL,'',6,10,0,0,0,0,'VIEW_SUMMARY',345,58,NULL,219,NULL),(200,'2024-04-04 11:39:01',180000,105000,0,30000,0,0,15000,75000,21000,0,0,14000,0,0,6,1,0,0,0,6,8,300000,0,0,0,300000,300000,270000,NULL,'',6,10,0,0,3,3,'VIEW_SUMMARY',349,59,NULL,229,NULL),(201,'2024-04-04 11:49:06',50000,20000,0,8000,0,0,15000,3000,0,0,0,4000,0,-1,0,0,0,0,0,4,3,80000,0,0,0,80000,80000,72000,NULL,'',6,10,0,0,0,1,'VIEW_SUMMARY',348,59,NULL,232,NULL),(202,'2024-04-04 11:52:10',100000,50000,0,16000,0,0,15000,20000,10000,0,0,19000,0,-1,2,1,0,0,0,5,6,170000,0,0,0,160000,160000,144000,NULL,'',6,10,0,0,1,0,'VIEW_SUMMARY',350,59,NULL,231,NULL),(203,'2024-04-04 11:38:32',65000,30000,0,7000,0,0,20000,3000,0,0,0,10000,0,-2,0,0,0,0,0,3,4,110000,0,0,0,70000,70000,63000,NULL,'',8,7,0,0,0,1,'VIEW_SUMMARY',352,59,NULL,235,NULL),(204,'2024-04-04 11:51:16',80000,40000,0,13000,0,30000,15000,0,0,0,0,-3000,0,0,0,0,0,0,0,5,5,130000,0,0,0,160000,130000,117000,NULL,'',6,10,0,0,0,0,'VIEW_SUMMARY',351,59,NULL,230,NULL),(205,'2024-04-04 11:55:59',80000,40000,0,10000,0,0,15000,11000,0,0,4000,15000,0,-2,1,0,0,1,0,2,5,130000,0,0,0,100000,100000,90000,NULL,'',8,10,0,0,1,0,'VIEW_SUMMARY',343,58,NULL,218,NULL),(206,'2024-04-04 09:04:40',50000,20000,0,7000,0,0,20000,0,0,12000,4000,-13000,0,-1,0,0,4,1,0,-1,3,80000,0,0,0,70000,70000,63000,NULL,'',8,7,0,0,0,0,'VIEW_SUMMARY',340,58,NULL,225,NULL),(207,'2024-04-04 11:56:14',65000,30000,0,11000,0,15000,20000,0,0,12000,4000,-22000,0,0,0,0,4,1,0,0,4,110000,0,0,0,125000,110000,99000,NULL,'',8,7,0,0,0,0,'VIEW_SUMMARY',344,58,NULL,224,NULL),(208,'2024-04-04 11:54:42',180000,105000,0,30000,0,125000,15000,0,0,0,4000,-19000,0,1,0,0,0,1,0,5,8,300000,0,0,0,425000,300000,270000,NULL,'',8,10,0,0,0,0,'VIEW_SUMMARY',341,58,NULL,216,NULL),(209,'2024-04-04 11:52:36',100000,50000,0,17000,0,30000,15000,14000,0,0,4000,0,0,0,1,0,0,1,0,4,6,170000,0,0,0,200000,170000,153000,NULL,'',8,10,0,0,1,1,'VIEW_SUMMARY',342,58,NULL,217,NULL),(210,'2024-04-04 12:33:18',120000,65000,0,0,0,0,0,0,0,0,0,50000,0,0,0,0,0,0,0,5,7,200000,0,0,0,0,0,0,NULL,'',0,0,0,0,0,0,'LOGIN',353,57,NULL,NULL,NULL),(211,'2024-04-04 12:33:18',120000,65000,0,12500,0,0,20000,55000,13000,0,0,4500,0,-3,5,1,0,0,0,3,7,200000,0,0,0,125000,125000,112500,NULL,'',8,7,0,0,2,2,'VIEW_SUMMARY',353,59,NULL,234,NULL),(212,'2024-04-04 11:55:59',80000,40000,0,10000,0,0,15000,20000,0,0,0,10000,0,0,1,0,0,0,0,2,5,130000,100000,90000,0,0,100000,80000,NULL,'',8,10,0,0,2,1,'VIEW_SUMMARY',343,60,218,218,NULL),(213,'2024-04-04 12:13:39',120000,65000,39000,20000,0,0,20000,0,0,0,0,-24000,0,0,0,0,0,0,1,4,7,200000,200000,180000,0,0,200000,160000,NULL,'',6,10,0,0,0,0,'VIEW_SUMMARY',345,60,219,219,NULL),(214,'2024-04-04 09:04:40',50000,20000,13000,7000,0,0,20000,0,0,8000,0,-18000,0,0,0,0,3,0,1,-5,3,80000,70000,63000,0,0,70000,56000,NULL,'',8,7,0,0,0,0,'VIEW_SUMMARY',340,60,225,225,NULL),(215,'2024-04-04 11:56:14',65000,30000,22000,11000,0,0,20000,0,0,8000,0,-26000,0,0,0,0,3,0,1,-4,4,110000,110000,99000,0,0,110000,88000,NULL,'',8,7,0,0,0,0,'VIEW_SUMMARY',344,60,224,224,NULL),(216,'2024-04-04 11:52:36',100000,50000,0,17000,0,0,15000,14000,0,0,0,4000,0,0,0,0,0,0,0,4,6,170000,170000,153000,0,0,170000,136000,NULL,'',8,10,0,0,2,2,'VIEW_SUMMARY',342,60,217,217,NULL),(217,'2024-04-04 11:54:42',180000,105000,19000,30000,0,0,15000,11000,0,0,0,0,0,0,1,0,0,0,1,4,8,300000,300000,270000,0,0,300000,240000,NULL,'',8,10,0,0,1,0,'VIEW_SUMMARY',341,60,216,216,NULL),(218,'2024-04-04 11:39:01',180000,105000,0,30000,0,0,15000,0,0,0,0,44000,0,0,0,0,0,0,0,6,8,300000,300000,270000,0,0,300000,240000,NULL,'',6,10,0,0,3,3,'VIEW_SUMMARY',349,61,229,229,NULL),(219,'2024-04-04 11:52:10',100000,50000,0,16000,0,0,15000,11000,0,0,0,27000,0,0,1,0,0,0,0,5,6,170000,160000,144000,0,0,160000,128000,NULL,'',6,10,0,0,2,0,'VIEW_SUMMARY',350,61,231,231,NULL),(220,'2024-04-04 11:51:16',80000,40000,3000,12500,43000,0,15000,23000,0,0,0,29500,1,-1,2,0,0,0,1,2,5,130000,130000,117000,160000,125000,125000,112500,4,'',8,7,0,0,2,1,'VIEW_SUMMARY',351,61,230,244,NULL),(221,'2024-04-04 11:49:06',50000,20000,0,8000,0,0,15000,0,0,0,4000,7000,0,0,0,0,0,1,0,3,3,80000,80000,72000,0,0,80000,64000,NULL,'',6,10,0,0,0,1,'VIEW_SUMMARY',348,61,232,232,NULL),(222,'2024-04-04 11:38:32',65000,30000,0,7000,0,0,15000,20000,0,0,0,3000,0,0,1,0,0,0,0,3,4,110000,70000,63000,0,0,70000,56000,NULL,'',8,7,0,0,1,2,'VIEW_SUMMARY',352,61,235,235,NULL),(223,'2024-04-04 12:33:18',120000,65000,0,12500,0,0,15000,0,13000,0,0,19000,0,0,0,1,0,0,0,4,7,200000,125000,112500,0,0,125000,100000,NULL,'',8,7,0,0,2,2,'VIEW_SUMMARY',353,61,234,234,NULL),(224,'2024-04-04 11:54:42',180000,105000,0,30000,0,0,25000,20000,0,0,0,0,0,0,2,0,0,0,0,4,8,300000,300000,240000,0,0,300000,210000,NULL,'',8,10,-2,-1,2,0,'VIEW_SUMMARY',341,62,216,216,NULL),(225,'2024-04-04 11:55:59',80000,40000,0,10000,0,0,25000,12000,0,0,0,3000,0,0,1,0,0,0,0,2,5,130000,100000,80000,0,0,100000,70000,NULL,'',8,10,-2,-1,3,2,'VIEW_SUMMARY',343,62,218,218,NULL),(226,'2024-04-04 11:56:14',65000,30000,26000,10000,27000,0,25000,0,0,0,4000,-3000,1,-1,0,0,0,1,1,-8,4,110000,110000,88000,115000,100000,100000,90000,5,'',8,10,-2,-1,0,1,'VIEW_SUMMARY',344,62,224,246,NULL),(227,'2024-04-04 09:04:40',50000,20000,18000,7000,0,0,20000,0,0,4000,4000,-23000,0,0,0,0,2,1,1,-9,3,80000,70000,56000,0,0,70000,49000,NULL,'',8,7,-2,-1,0,0,'VIEW_SUMMARY',340,62,225,225,NULL),(228,'2024-04-04 11:52:36',100000,50000,0,17000,0,0,25000,0,0,0,0,12000,0,0,0,0,0,0,0,4,6,170000,170000,136000,0,0,170000,119000,NULL,'',8,10,-2,-1,2,2,'VIEW_SUMMARY',342,62,217,217,NULL),(229,'2024-04-04 12:13:39',120000,65000,24000,16000,140000,0,20000,31000,0,0,0,104000,1,-2,3,0,0,0,1,0,7,200000,200000,160000,300000,160000,160000,144000,6,'',6,10,-2,-1,3,0,'VIEW_SUMMARY',345,62,219,248,NULL),(230,'2024-04-04 11:51:16',80000,40000,0,12500,0,0,15000,20000,0,0,0,22000,0,0,1,0,0,0,0,2,5,130000,125000,112500,0,0,125000,100000,NULL,'',8,7,-2,-1,3,2,'VIEW_SUMMARY',351,63,244,244,NULL),(231,'2024-04-04 11:38:32',65000,30000,0,7000,0,0,15000,12000,0,0,4000,0,0,0,1,0,0,1,0,2,4,110000,70000,56000,0,0,70000,49000,NULL,'',8,7,-2,-1,2,3,'VIEW_SUMMARY',352,63,235,235,NULL),(232,'2024-04-04 11:49:06',50000,20000,0,8000,0,0,15000,0,0,0,4000,10000,0,0,0,0,0,1,0,2,3,80000,80000,64000,0,0,80000,56000,NULL,'',6,10,-2,-1,0,1,'VIEW_SUMMARY',348,63,232,232,NULL),(233,'2024-04-04 11:52:10',100000,50000,0,16000,0,0,15000,12000,0,0,4000,30000,0,0,1,0,0,1,0,4,6,170000,160000,128000,0,0,160000,112000,NULL,'',6,10,-2,-1,3,1,'VIEW_SUMMARY',350,63,231,231,NULL),(234,'2024-04-04 11:39:01',180000,105000,0,30000,0,0,15000,12000,0,0,4000,58000,0,0,1,0,0,1,0,5,8,300000,300000,240000,0,0,300000,210000,NULL,'',6,10,-2,-1,4,4,'VIEW_SUMMARY',349,63,229,229,NULL),(235,'2024-04-04 12:33:18',120000,65000,0,12500,0,0,15000,0,13000,0,4000,29500,0,0,0,1,0,1,0,4,7,200000,125000,100000,0,0,125000,87500,NULL,'',8,7,-2,-1,2,2,'VIEW_SUMMARY',353,63,234,234,NULL),(236,'2024-04-04 11:38:32',65000,30000,0,7000,0,0,15000,0,12000,0,0,1000,0,0,0,2,0,0,0,4,4,110000,70000,49000,0,0,70000,42000,NULL,'',8,7,-2,-1,2,3,'VIEW_SUMMARY',352,64,235,235,NULL),(237,'2024-04-04 11:51:16',80000,40000,0,12500,0,0,15000,0,32000,0,0,2500,0,0,0,4,0,0,0,6,5,130000,125000,100000,0,0,125000,87500,NULL,'',8,7,-2,-1,3,2,'VIEW_SUMMARY',351,64,244,244,NULL),(238,'2024-04-04 11:52:10',100000,50000,0,16000,0,0,15000,20000,10000,0,0,19000,0,0,1,1,0,0,0,5,6,170000,160000,112000,0,0,160000,96000,NULL,'',6,10,-2,-1,4,2,'VIEW_SUMMARY',350,64,231,231,NULL),(239,'2024-04-04 11:49:06',50000,20000,0,8000,0,0,15000,0,0,0,4000,-3000,0,0,0,0,0,1,0,3,3,80000,80000,56000,0,0,80000,48000,NULL,'',6,10,-2,-1,0,2,'VIEW_SUMMARY',348,64,232,232,NULL),(240,'2024-04-04 11:39:01',180000,105000,0,30000,0,0,15000,0,84000,0,0,4000,0,0,0,4,0,0,0,9,8,300000,300000,210000,0,0,300000,180000,NULL,'',6,10,-2,-1,4,4,'VIEW_SUMMARY',349,64,229,229,NULL),(241,'2024-04-04 12:33:18',120000,65000,0,12500,0,0,15000,0,13000,0,0,44000,0,0,0,1,0,0,0,5,7,200000,125000,87500,0,0,125000,75000,NULL,'',8,7,-2,-1,2,2,'VIEW_SUMMARY',353,64,234,234,NULL),(242,'2024-04-04 11:55:59',80000,40000,0,10000,0,0,25000,0,8000,0,0,0,0,0,0,1,0,0,0,3,5,130000,100000,70000,0,0,100000,60000,NULL,'',8,10,-2,-1,3,2,'VIEW_DAMAGE',343,65,218,218,NULL),(243,'2024-04-04 09:04:40',50000,20000,23000,7000,0,0,20000,0,0,12000,0,-32000,0,0,0,0,4,0,1,-14,3,80000,70000,49000,0,0,70000,42000,NULL,'',8,7,-2,-1,0,0,'VIEW_DAMAGE',340,65,225,225,NULL),(244,'2024-04-04 11:56:14',65000,30000,3000,7000,10000,0,20000,0,0,4000,0,-14000,1,-2,0,0,2,0,1,-14,4,110000,100000,90000,100000,70000,70000,63000,2,'',8,7,-2,-1,1,2,'VIEW_SUMMARY',344,65,246,265,NULL),(245,'2024-04-04 11:54:42',180000,105000,0,30000,0,0,25000,12000,0,0,0,8000,0,0,1,0,0,0,0,4,8,300000,300000,210000,0,0,300000,180000,NULL,'',8,10,-2,-1,3,1,'VIEW_SUMMARY',341,65,216,216,NULL),(246,'2024-04-04 11:52:36',100000,50000,0,17000,0,0,25000,20000,0,0,0,0,0,0,2,0,0,0,0,4,6,170000,170000,119000,0,0,170000,102000,NULL,'',8,10,-2,-1,3,2,'VIEW_DAMAGE',342,65,217,217,NULL),(247,'2024-04-04 12:13:39',120000,65000,0,16000,0,0,20000,20000,0,0,0,103000,0,0,1,0,0,0,0,0,7,200000,160000,144000,0,0,160000,128000,NULL,'',6,10,-2,-1,4,1,'VIEW_SUMMARY',345,65,248,248,NULL),(281,'2024-04-07 05:16:06',65000,30000,0,0,0,0,0,0,0,0,0,5000,0,0,0,0,0,0,0,5,4,110000,0,0,0,0,0,0,NULL,'',0,0,0,0,0,0,'LOGIN',284,91,NULL,NULL,NULL),(282,'2024-04-07 05:16:06',65000,30000,0,11000,0,190000,20000,0,0,0,0,-201000,0,4,0,0,0,0,0,9,4,110000,0,0,0,300000,110000,99000,NULL,'',0,0,0,0,0,0,'BOUGHT_HOUSE',284,92,NULL,374,NULL),(283,'2024-04-07 13:26:49',65000,30000,0,0,0,0,0,0,0,0,0,5000,0,0,0,0,0,0,0,5,4,110000,0,0,0,0,0,0,NULL,'',0,0,0,0,0,0,'LOGIN',260,90,NULL,NULL,NULL),(284,'2024-04-07 13:26:49',65000,30000,0,7000,0,0,20000,0,0,12000,4000,-23000,0,-2,0,0,4,1,0,-2,4,110000,0,0,0,70000,70000,63000,NULL,'',8,7,0,0,0,0,'VIEW_SUMMARY',260,93,NULL,390,NULL),(285,'2024-04-08 09:26:39',50000,20000,0,0,0,0,0,0,0,0,0,0,0,0,0,0,0,0,0,5,3,80000,0,0,0,0,0,0,NULL,'',0,0,0,0,0,0,'LOGIN',271,94,NULL,NULL,NULL),(286,'2024-04-08 09:27:01',180000,105000,0,0,0,0,0,0,0,0,0,80000,0,0,0,0,0,0,0,5,8,300000,0,0,0,0,0,0,NULL,'',0,0,0,0,0,0,'LOGIN',272,94,NULL,NULL,NULL),(287,'2024-04-08 09:27:30',120000,65000,0,0,0,0,0,0,0,0,0,50000,0,0,0,0,0,0,0,5,7,200000,0,0,0,0,0,0,NULL,'',0,0,0,0,0,0,'LOGIN',273,94,NULL,NULL,NULL),(288,'2024-04-08 09:28:12',65000,30000,0,0,0,0,0,0,0,0,0,5000,0,0,0,0,0,0,0,5,4,110000,0,0,0,0,0,0,NULL,'',0,0,0,0,0,0,'LOGIN',274,94,NULL,NULL,NULL),(289,'2024-04-08 09:27:01',180000,105000,0,30000,0,0,20000,20000,0,0,0,85000,0,0,2,0,0,0,0,5,8,300000,0,0,0,300000,300000,270000,NULL,'',6,10,0,0,1,0,'VIEW_SUMMARY',272,95,NULL,394,NULL),(290,'2024-04-08 09:27:30',120000,65000,0,8000,0,0,20000,20000,0,0,0,57000,0,-5,2,0,0,0,0,0,7,200000,0,0,0,80000,80000,72000,NULL,'',6,10,0,0,1,0,'VIEW_SUMMARY',273,95,NULL,397,NULL),(291,'2024-04-08 09:28:12',65000,30000,0,10000,0,0,20000,0,6000,0,0,4000,0,-1,0,1,0,0,0,5,4,110000,0,0,0,100000,100000,90000,NULL,'',8,10,0,0,0,0,'VIEW_SUMMARY',274,95,NULL,393,NULL),(292,'2024-04-08 09:26:39',50000,20000,0,7000,0,0,20000,3000,0,0,0,0,0,-1,0,0,0,0,0,4,3,80000,0,0,0,70000,70000,63000,NULL,'',8,7,0,0,0,1,'VIEW_SUMMARY',271,95,NULL,400,NULL),(293,'2024-04-08 09:26:39',50000,20000,0,7000,0,0,20000,0,0,8000,0,-5000,0,0,0,0,3,0,0,1,3,80000,70000,63000,0,0,70000,56000,NULL,'',8,7,0,0,0,1,'VIEW_SUMMARY',271,96,400,400,NULL),(294,'2024-04-08 09:27:01',180000,105000,0,30000,0,0,20000,3000,0,0,0,107000,0,0,0,0,0,0,0,5,8,300000,300000,270000,0,0,300000,240000,NULL,'',6,10,0,0,1,1,'VIEW_SUMMARY',272,96,394,394,NULL),(295,'2024-04-08 09:27:30',120000,65000,0,8000,0,0,20000,31000,52000,0,0,1000,0,0,2,4,0,0,0,4,7,200000,80000,72000,0,0,80000,64000,NULL,'',6,10,0,0,3,1,'VIEW_SUMMARY',273,96,397,397,NULL),(296,'2024-04-08 09:28:12',65000,30000,0,10000,0,0,20000,3000,0,0,0,6000,0,0,0,0,0,0,0,5,4,110000,100000,90000,0,0,100000,80000,NULL,'',8,10,0,0,0,1,'VIEW_SUMMARY',274,96,393,393,NULL),(297,'2024-04-08 09:27:30',120000,65000,0,8000,0,0,20000,3000,0,0,0,25000,0,0,0,0,0,0,0,4,7,200000,80000,64000,0,0,80000,56000,NULL,'',6,10,0,0,3,2,'VIEW_SUMMARY',273,97,397,397,NULL),(298,'2024-04-08 09:26:39',50000,20000,5000,8000,63000,20000,20000,35000,4000,0,0,1000,1,0,3,1,1,0,1,-1,3,80000,70000,56000,119000,100000,80000,72000,4,'',8,10,-2,-1,1,3,'VIEW_SUMMARY',271,97,400,406,NULL),(299,'2024-04-08 09:28:12',65000,30000,0,10000,0,0,20000,0,0,0,0,0,0,0,0,0,1,0,0,4,4,110000,100000,80000,0,0,100000,70000,NULL,'',8,10,-2,-1,1,1,'VIEW_SUMMARY',274,97,393,393,NULL),(300,'2024-04-08 09:27:01',180000,105000,0,30000,0,0,20000,11000,21000,0,0,100000,0,0,1,1,0,0,0,6,8,300000,300000,240000,0,0,300000,210000,NULL,'',6,10,0,0,2,1,'VIEW_SUMMARY',272,97,394,394,NULL),(301,'2024-04-08 09:28:12',65000,30000,0,11000,20000,50000,20000,0,0,0,0,-26000,1,1,0,0,0,0,0,4,4,110000,100000,70000,90000,160000,110000,99000,1,'',6,10,0,0,2,2,'VIEW_SUMMARY',274,98,393,412,NULL),(302,'2024-04-08 09:27:30',120000,65000,0,8000,0,0,20000,0,0,0,0,52000,0,0,0,0,0,0,0,4,7,200000,80000,56000,0,0,80000,48000,NULL,'',6,10,0,0,3,2,'VIEW_SUMMARY',273,98,397,397,NULL),(303,'2024-04-08 09:26:39',50000,20000,0,8000,0,0,25000,0,0,0,0,-2000,0,0,0,0,0,0,0,-1,3,80000,80000,72000,0,0,80000,64000,NULL,'',8,10,-2,-1,1,3,'VIEW_SUMMARY',271,98,406,406,NULL),(304,'2024-04-08 09:27:01',180000,105000,0,30000,90000,125000,25000,20000,0,0,0,65000,1,1,2,0,0,0,0,6,8,300000,300000,210000,300000,425000,300000,270000,4,'',8,10,-2,-1,2,1,'VIEW_DAMAGE',272,98,394,411,NULL),(318,'2024-04-10 18:51:23',100000,50000,0,0,0,0,0,0,0,0,0,30000,0,0,0,0,0,0,0,5,6,170000,0,0,0,0,0,0,NULL,'',0,0,0,0,0,0,'LOGIN',411,107,NULL,NULL,NULL),(319,'2024-04-10 18:54:34',65000,30000,0,0,0,0,0,0,0,0,0,5000,0,0,0,0,0,0,0,5,4,110000,0,0,0,0,0,0,NULL,'',0,0,0,0,0,0,'LOGIN',428,108,NULL,NULL,NULL),(331,'2024-04-11 08:49:18',80000,40000,0,0,0,0,0,0,0,0,0,15000,0,0,0,0,0,0,0,5,5,130000,0,0,0,0,0,0,NULL,'',0,0,0,0,0,0,'LOGIN',424,112,NULL,NULL,NULL),(332,'2024-04-11 08:49:35',80000,40000,0,0,0,0,0,0,0,0,0,15000,0,0,0,0,0,0,0,5,5,130000,0,0,0,0,0,0,NULL,'',0,0,0,0,0,0,'LOGIN',426,112,NULL,NULL,NULL),(333,'2024-04-11 08:51:25',80000,40000,0,0,0,0,0,0,0,0,0,15000,0,0,0,0,0,0,0,5,5,130000,0,0,0,0,0,0,NULL,'',0,0,0,0,0,0,'LOGIN',408,107,NULL,NULL,NULL),(334,'2024-04-11 08:51:47',180000,105000,0,0,0,0,0,0,0,0,0,80000,0,0,0,0,0,0,0,5,8,300000,0,0,0,0,0,0,NULL,'',0,0,0,0,0,0,'LOGIN',407,107,NULL,NULL,NULL),(335,'2024-04-11 08:52:40',120000,65000,0,0,0,0,0,0,0,0,0,50000,0,0,0,0,0,0,0,5,7,200000,0,0,0,0,0,0,NULL,'',0,0,0,0,0,0,'LOGIN',409,107,NULL,NULL,NULL),(336,'2024-04-11 08:52:45',65000,30000,0,0,0,0,0,0,0,0,0,5000,0,0,0,0,0,0,0,5,4,110000,0,0,0,0,0,0,NULL,'',0,0,0,0,0,0,'LOGIN',420,112,NULL,NULL,NULL),(337,'2024-04-11 08:53:00',180000,105000,0,0,0,0,0,0,0,0,0,80000,0,0,0,0,0,0,0,5,8,300000,0,0,0,0,0,0,NULL,'',0,0,0,0,0,0,'LOGIN',431,108,NULL,NULL,NULL),(338,'2024-04-11 08:53:19',100000,50000,0,0,0,0,0,0,0,0,0,30000,0,0,0,0,0,0,0,5,6,170000,0,0,0,0,0,0,NULL,'',0,0,0,0,0,0,'LOGIN',429,108,NULL,NULL,NULL),(339,'2024-04-11 08:53:22',80000,40000,0,0,0,0,0,0,0,0,0,15000,0,0,0,0,0,0,0,5,5,130000,0,0,0,0,0,0,NULL,'',0,0,0,0,0,0,'LOGIN',432,108,NULL,NULL,NULL),(340,'2024-04-11 08:53:32',120000,65000,0,0,0,0,0,0,0,0,0,50000,0,0,0,0,0,0,0,5,7,200000,0,0,0,0,0,0,NULL,'',0,0,0,0,0,0,'LOGIN',433,108,NULL,NULL,NULL),(341,'2024-04-11 08:53:48',50000,20000,0,0,0,0,0,0,0,0,0,0,0,0,0,0,0,0,0,5,3,80000,0,0,0,0,0,0,NULL,'',0,0,0,0,0,0,'LOGIN',430,108,NULL,NULL,NULL),(342,'2024-04-11 08:54:56',120000,65000,0,0,0,0,0,0,0,0,0,50000,0,0,0,0,0,0,0,5,7,200000,0,0,0,0,0,0,NULL,'',0,0,0,0,0,0,'LOGIN',417,113,NULL,NULL,NULL),(344,'2024-04-11 08:55:12',80000,40000,0,0,0,0,0,0,0,0,0,15000,0,0,0,0,0,0,0,5,5,130000,0,0,0,0,0,0,NULL,'',0,0,0,0,0,0,'LOGIN',410,107,NULL,NULL,NULL),(345,'2024-04-11 08:55:14',50000,20000,0,0,0,0,0,0,0,0,0,0,0,0,0,0,0,0,0,5,3,80000,0,0,0,0,0,0,NULL,'',0,0,0,0,0,0,'LOGIN',406,107,NULL,NULL,NULL),(350,'2024-04-11 08:55:25',100000,50000,0,0,0,0,0,0,0,0,0,30000,0,0,0,0,0,0,0,5,6,170000,0,0,0,0,0,0,NULL,'',0,0,0,0,0,0,'LOGIN',421,112,NULL,NULL,NULL),(351,'2024-04-11 08:55:36',65000,30000,0,0,0,0,0,0,0,0,0,5000,0,0,0,0,0,0,0,5,4,110000,0,0,0,0,0,0,NULL,'',0,0,0,0,0,0,'LOGIN',404,107,NULL,NULL,NULL),(352,'2024-04-11 08:55:37',100000,50000,0,0,0,0,0,0,0,0,0,30000,0,0,0,0,0,0,0,5,6,170000,0,0,0,0,0,0,NULL,'',0,0,0,0,0,0,'LOGIN',405,107,NULL,NULL,NULL),(353,'2024-04-11 08:55:39',180000,105000,0,0,0,0,0,0,0,0,0,80000,0,0,0,0,0,0,0,5,8,300000,0,0,0,0,0,0,NULL,'',0,0,0,0,0,0,'LOGIN',423,112,NULL,NULL,NULL),(354,'2024-04-11 08:55:44',120000,65000,0,0,0,0,0,0,0,0,0,50000,0,0,0,0,0,0,0,5,7,200000,0,0,0,0,0,0,NULL,'',0,0,0,0,0,0,'LOGIN',425,112,NULL,NULL,NULL),(355,'2024-04-11 08:51:47',180000,105000,0,30000,0,125000,15000,0,0,0,0,-15000,0,1,0,0,0,0,0,6,8,300000,0,0,0,425000,300000,270000,NULL,'',8,10,0,0,0,0,'VIEW_SUMMARY',407,115,NULL,461,NULL),(356,'2024-04-11 08:56:05',100000,50000,0,0,0,0,0,0,0,0,0,30000,0,0,0,0,0,0,0,5,6,170000,0,0,0,0,0,0,NULL,'',0,0,0,0,0,0,'LOGIN',389,114,NULL,NULL,NULL),(357,'2024-04-11 08:56:06',65000,30000,0,0,0,0,0,0,0,0,0,5000,0,0,0,0,0,0,0,5,4,110000,0,0,0,0,0,0,NULL,'',0,0,0,0,0,0,'LOGIN',412,113,NULL,NULL,NULL),(358,'2024-04-11 08:56:17',180000,105000,0,0,0,0,0,0,0,0,0,80000,0,0,0,0,0,0,0,5,8,300000,0,0,0,0,0,0,NULL,'',0,0,0,0,0,0,'LOGIN',391,114,NULL,NULL,NULL),(359,'2024-04-11 08:56:49',80000,40000,0,0,0,0,0,0,0,0,0,15000,0,0,0,0,0,0,0,5,5,130000,0,0,0,0,0,0,NULL,'',0,0,0,0,0,0,'LOGIN',394,114,NULL,NULL,NULL),(360,'2024-04-11 08:51:25',80000,40000,0,13000,0,30000,15000,0,0,0,4000,-7000,0,0,0,0,0,1,0,4,5,130000,0,0,0,160000,130000,117000,NULL,'',6,10,0,0,0,0,'VIEW_SUMMARY',408,115,NULL,466,NULL),(361,'2024-04-11 08:55:14',50000,20000,0,7000,0,0,20000,0,0,8000,0,-5000,0,-1,0,0,3,0,0,1,3,80000,0,0,0,70000,70000,63000,NULL,'',8,7,0,0,0,0,'VIEW_SUMMARY',406,115,NULL,470,NULL),(362,'2024-04-11 08:56:53',65000,30000,0,0,0,0,0,0,0,0,0,5000,0,0,0,0,0,0,0,5,4,110000,0,0,0,0,0,0,NULL,'',0,0,0,0,0,0,'LOGIN',388,114,NULL,NULL,NULL),(363,'2024-04-11 08:55:12',80000,40000,0,11000,0,0,15000,11000,0,0,0,18000,0,-2,1,0,0,0,0,3,5,130000,0,0,0,110000,110000,99000,NULL,'',8,10,0,0,1,0,'VIEW_SUMMARY',410,115,NULL,463,NULL),(364,'2024-04-11 08:55:36',65000,30000,0,8000,0,0,15000,11000,0,0,0,6000,0,-2,1,0,0,0,0,3,4,110000,0,0,0,80000,80000,72000,NULL,'',6,10,0,0,1,0,'VIEW_SUMMARY',404,115,NULL,467,NULL),(365,'2024-04-11 08:55:37',100000,50000,0,17000,0,30000,15000,11000,0,0,0,7000,0,0,1,0,0,0,0,5,6,170000,0,0,0,200000,170000,153000,NULL,'',8,10,0,0,1,0,'VIEW_SUMMARY',405,115,NULL,462,NULL),(366,'2024-04-11 08:56:58',50000,20000,0,0,0,0,0,0,0,0,0,0,0,0,0,0,0,0,0,5,3,80000,0,0,0,0,0,0,NULL,'',0,0,0,0,0,0,'LOGIN',390,114,NULL,NULL,NULL),(367,'2024-04-11 08:52:40',120000,65000,0,20000,0,100000,15000,0,0,0,4000,-34000,0,1,0,0,0,1,0,5,7,200000,0,0,0,300000,200000,180000,NULL,'',6,10,0,0,0,0,'VIEW_SUMMARY',409,115,NULL,464,NULL),(368,'2024-04-11 08:57:11',50000,20000,0,0,0,0,0,0,0,0,0,0,0,0,0,0,0,0,0,5,3,80000,0,0,0,0,0,0,NULL,'',0,0,0,0,0,0,'LOGIN',422,112,NULL,NULL,NULL),(369,'2024-04-11 08:53:22',80000,40000,0,13000,0,30000,15000,0,0,0,4000,-7000,0,0,0,0,0,1,0,4,5,130000,0,0,0,160000,130000,117000,NULL,'',6,10,0,0,0,0,'VIEW_SUMMARY',432,116,NULL,475,NULL),(370,'2024-04-11 08:53:32',120000,65000,0,16000,0,0,15000,55000,0,0,4000,15000,0,-2,5,0,0,1,0,2,7,200000,0,0,0,160000,160000,144000,NULL,'',6,10,0,0,2,2,'VIEW_SUMMARY',433,116,NULL,476,NULL),(371,'2024-04-11 08:53:00',180000,105000,0,30000,0,6000,15000,23000,0,0,4000,77000,0,0,2,0,0,1,0,4,8,300000,0,0,0,306000,300000,270000,NULL,'',6,10,0,0,1,1,'VIEW_SUMMARY',431,116,NULL,474,NULL),(372,'2024-04-11 08:53:48',50000,20000,0,8000,0,0,15000,0,0,0,4000,3000,0,-1,0,0,0,1,0,3,3,80000,0,0,0,80000,80000,72000,NULL,'',6,10,0,0,0,0,'VIEW_SUMMARY',430,116,NULL,477,NULL),(373,'2024-04-10 18:54:34',65000,30000,0,7000,0,0,20000,3000,0,0,4000,6000,0,-2,0,0,0,1,0,2,4,110000,0,0,0,70000,70000,63000,NULL,'',8,7,0,0,0,1,'VIEW_SUMMARY',428,116,NULL,480,NULL),(374,'2024-04-11 08:53:19',100000,50000,0,17000,0,30000,20000,12000,0,0,0,1000,0,0,0,0,0,0,0,5,6,170000,0,0,0,200000,170000,153000,NULL,'',8,10,0,0,1,1,'VIEW_SUMMARY',429,116,NULL,472,NULL),(375,'2024-04-11 08:57:36',100000,50000,0,0,0,0,0,0,0,0,0,30000,0,0,0,0,0,0,0,5,6,170000,0,0,0,0,0,0,NULL,'',0,0,0,0,0,0,'LOGIN',413,113,NULL,NULL,NULL),(376,'2024-04-11 08:58:16',80000,40000,0,0,0,0,0,0,0,0,0,15000,0,0,0,0,0,0,0,5,5,130000,0,0,0,0,0,0,NULL,'',0,0,0,0,0,0,'LOGIN',416,113,NULL,NULL,NULL),(377,'2024-04-11 08:58:34',50000,20000,0,0,0,0,0,0,0,0,0,0,0,0,0,0,0,0,0,5,3,80000,0,0,0,0,0,0,NULL,'',0,0,0,0,0,0,'LOGIN',414,113,NULL,NULL,NULL),(378,'2024-04-11 08:58:47',180000,105000,0,0,0,0,0,0,0,0,0,80000,0,0,0,0,0,0,0,5,8,300000,0,0,0,0,0,0,NULL,'',0,0,0,0,0,0,'LOGIN',415,113,NULL,NULL,NULL),(385,'2024-04-11 08:49:35',80000,40000,0,6000,0,0,20000,29000,0,0,0,0,0,-1,1,0,0,0,0,4,5,130000,0,0,0,60000,60000,54000,NULL,'',8,7,0,0,2,2,'VIEW_SUMMARY',426,118,NULL,499,NULL),(386,'2024-04-11 08:52:45',65000,30000,0,11000,0,90000,20000,0,0,0,0,-81000,0,2,0,0,0,0,0,7,4,110000,0,0,0,200000,110000,99000,NULL,'',8,10,0,0,0,0,'VIEW_SUMMARY',420,118,NULL,492,NULL),(387,'2024-04-11 08:59:45',120000,65000,0,0,0,0,0,0,0,0,0,50000,0,0,0,0,0,0,0,5,7,200000,0,0,0,0,0,0,NULL,'',0,0,0,0,0,0,'LOGIN',393,114,NULL,NULL,NULL),(388,'2024-04-11 08:55:25',100000,50000,0,16000,0,0,15000,20000,10000,0,0,19000,0,-1,2,1,0,0,0,5,6,170000,0,0,0,160000,160000,144000,NULL,'',6,10,0,0,1,0,'VIEW_SUMMARY',421,118,NULL,495,NULL),(389,'2024-04-11 08:56:49',80000,40000,0,13000,0,30000,15000,0,0,0,0,-3000,0,0,0,0,0,0,0,5,5,130000,0,0,0,160000,130000,117000,NULL,'',6,10,0,0,0,0,'VIEW_SUMMARY',394,119,NULL,505,NULL),(390,'2024-04-11 08:59:45',120000,65000,0,12500,0,0,20000,20000,13000,12000,0,27500,0,-3,2,1,4,0,0,-1,7,200000,0,0,0,125000,125000,112500,NULL,'',8,7,0,0,1,0,'VIEW_SUMMARY',393,119,NULL,509,NULL),(391,'2024-04-11 08:56:05',100000,50000,0,10000,0,0,20000,20000,10000,0,0,20000,0,-3,2,1,0,0,0,3,6,170000,0,0,0,100000,100000,90000,NULL,'',8,10,0,0,1,0,'VIEW_SUMMARY',389,119,NULL,503,NULL),(392,'2024-04-11 08:56:58',50000,20000,0,7000,0,0,20000,3000,0,8000,0,-8000,0,-1,0,0,3,0,0,1,3,80000,0,0,0,70000,70000,63000,NULL,'',8,7,0,0,0,1,'VIEW_SUMMARY',390,119,NULL,510,NULL),(393,'2024-04-11 08:56:53',65000,30000,0,8000,0,0,15000,3000,0,0,0,14000,0,-2,0,0,0,0,0,3,4,110000,0,0,0,80000,80000,72000,NULL,'',6,10,0,0,0,1,'VIEW_SUMMARY',388,119,NULL,507,NULL),(394,'2024-04-11 08:57:11',50000,20000,0,8000,0,0,15000,6000,0,0,0,1000,0,-1,0,0,0,0,0,4,3,80000,0,0,0,80000,80000,72000,NULL,'',6,10,0,0,1,0,'VIEW_SUMMARY',422,118,NULL,497,NULL),(395,'2024-04-11 08:55:39',180000,105000,0,7000,0,0,20000,20000,42000,0,0,66000,0,-6,2,2,0,0,0,1,8,300000,0,0,0,70000,70000,63000,NULL,'',8,7,0,0,1,0,'VIEW_SUMMARY',423,118,NULL,500,NULL),(396,'2024-04-11 08:56:17',180000,105000,0,30000,0,0,20000,20000,0,0,0,85000,0,-2,2,0,0,0,0,3,8,300000,0,0,0,300000,300000,270000,NULL,'',8,10,0,0,1,0,'VIEW_SUMMARY',391,119,NULL,502,NULL),(397,'2024-04-11 08:49:18',80000,40000,0,13000,0,30000,15000,0,0,0,4000,-7000,0,0,0,0,0,1,0,4,5,130000,0,0,0,160000,130000,117000,NULL,'',6,10,0,0,0,0,'VIEW_SUMMARY',424,118,NULL,496,NULL),(398,'2024-04-11 08:55:44',120000,65000,0,13800,0,0,20000,11000,13000,0,0,47200,0,-4,1,1,0,0,0,2,7,200000,0,0,0,138000,138000,124200,NULL,'',8,10,0,0,1,0,'VIEW_SUMMARY',425,118,NULL,493,NULL),(399,'2024-04-11 08:57:36',100000,50000,0,16000,0,0,20000,20000,0,0,0,24000,0,-1,2,0,0,0,0,4,6,170000,0,0,0,160000,160000,144000,NULL,'',6,10,0,0,1,0,'VIEW_SUMMARY',413,120,NULL,515,NULL),(400,'2024-04-11 08:58:34',50000,20000,0,7000,0,0,20000,0,0,0,0,3000,0,-1,0,0,0,0,0,4,3,80000,0,0,0,70000,70000,63000,NULL,'',8,7,0,0,0,0,'VIEW_SUMMARY',414,120,NULL,520,NULL),(401,'2024-04-11 08:56:06',65000,30000,0,10000,0,0,20000,0,0,0,0,10000,0,-1,0,0,0,0,0,4,4,110000,0,0,0,100000,100000,90000,NULL,'',8,10,0,0,0,0,'VIEW_SUMMARY',412,120,NULL,513,NULL),(402,'2024-04-11 08:54:56',120000,65000,0,20000,0,0,20000,55000,0,0,0,10000,0,-1,5,0,0,0,0,4,7,200000,0,0,0,200000,200000,180000,NULL,'',8,10,0,0,2,2,'VIEW_SUMMARY',417,120,NULL,512,NULL),(403,'2024-04-11 08:58:47',180000,105000,0,30000,0,0,20000,35000,0,0,0,70000,0,0,3,0,0,0,0,5,8,300000,0,0,0,300000,300000,270000,NULL,'',6,10,0,0,1,2,'VIEW_SUMMARY',415,120,NULL,514,NULL),(404,'2024-04-11 08:58:16',80000,40000,0,12500,0,0,20000,11000,0,0,0,11500,0,-1,1,0,0,0,0,4,5,130000,0,0,0,125000,125000,112500,NULL,'',8,7,0,0,1,0,'VIEW_SUMMARY',416,120,NULL,519,NULL),(405,'2024-04-11 09:07:34',80000,40000,0,0,0,0,0,0,0,0,0,15000,0,0,0,0,0,0,0,5,5,130000,0,0,0,0,0,0,NULL,'',0,0,0,0,0,0,'LOGIN',392,114,NULL,NULL,NULL),(406,'2024-04-11 09:07:34',80000,40000,0,13000,0,30000,15000,0,0,0,0,-3000,0,0,0,0,0,0,0,5,5,130000,0,0,0,160000,130000,117000,NULL,'',6,10,0,0,0,0,'VIEW_SUMMARY',392,119,NULL,506,NULL),(407,'2024-04-11 08:53:00',180000,105000,0,30000,0,0,15000,92000,0,0,0,15000,0,0,5,0,1,0,0,3,8,300000,300000,270000,0,0,300000,240000,NULL,'',6,10,-2,-1,6,6,'VIEW_SUMMARY',431,121,474,474,NULL),(408,'2024-04-11 08:53:22',80000,40000,7000,13000,0,0,15000,0,0,8000,0,-3000,0,0,0,0,3,0,1,0,5,130000,130000,117000,0,0,130000,104000,NULL,'',6,10,-2,-1,0,0,'VIEW_SUMMARY',432,121,475,475,NULL),(409,'2024-04-11 08:53:48',50000,20000,0,8000,0,0,15000,6000,4000,8000,0,-8000,0,0,0,1,3,0,0,1,3,80000,80000,72000,0,0,80000,64000,NULL,'',6,10,-2,-1,1,0,'VIEW_SUMMARY',430,121,477,477,NULL),(410,'2024-04-10 18:54:34',65000,30000,0,7000,0,0,20000,12000,0,12000,0,-10000,0,0,0,0,4,0,0,-2,4,110000,70000,63000,0,0,70000,56000,NULL,'',8,7,-2,-1,1,2,'VIEW_SUMMARY',428,121,480,480,NULL),(411,'2024-04-11 08:53:32',120000,65000,0,16000,0,0,15000,29000,0,0,0,10000,0,0,1,0,1,0,0,1,7,200000,160000,144000,0,0,160000,128000,NULL,'',6,10,-2,-1,5,3,'VIEW_SUMMARY',433,121,476,476,NULL),(412,'2024-04-11 08:53:19',100000,50000,0,17000,0,0,20000,11000,0,4000,0,-1000,0,0,1,0,2,0,0,3,6,170000,170000,153000,0,0,170000,136000,NULL,'',8,10,-2,-1,2,1,'VIEW_SUMMARY',429,121,472,472,NULL),(413,'2024-04-11 08:51:25',80000,40000,7000,13000,0,0,15000,0,0,4000,4000,-3000,0,0,0,0,2,1,1,0,5,130000,130000,117000,0,0,130000,104000,NULL,'',6,10,-2,-1,0,0,'VIEW_SUMMARY',408,122,466,466,NULL),(414,'2024-04-11 08:55:14',50000,20000,5000,7000,0,0,20000,0,0,16000,4000,-22000,0,0,0,0,5,1,1,-6,3,80000,70000,63000,0,0,70000,56000,NULL,'',8,7,-2,-1,0,0,'VIEW_SUMMARY',406,122,470,470,NULL),(415,'2024-04-11 08:52:40',120000,65000,34000,20000,0,0,15000,0,0,4000,4000,-22000,0,0,0,0,2,1,1,1,7,200000,200000,180000,0,0,200000,160000,NULL,'',6,10,-2,-1,0,0,'VIEW_SUMMARY',409,122,464,464,NULL),(416,'2024-04-11 08:55:36',65000,30000,0,8000,0,0,15000,12000,0,0,4000,2000,0,0,0,0,1,1,0,1,4,110000,80000,72000,0,0,80000,64000,NULL,'',6,10,-2,-1,2,1,'VIEW_SUMMARY',404,122,467,467,NULL),(417,'2024-04-11 08:55:12',80000,40000,0,11000,0,0,15000,12000,0,0,0,20000,0,0,0,0,1,0,0,2,5,130000,110000,99000,0,0,110000,88000,NULL,'',8,10,-2,-1,2,1,'VIEW_SUMMARY',410,122,463,463,NULL),(418,'2024-04-11 08:55:37',100000,50000,0,17000,0,0,15000,20000,0,0,0,5000,0,0,0,0,1,0,0,4,6,170000,170000,153000,0,0,170000,136000,NULL,'',8,10,-2,-1,2,2,'VIEW_SUMMARY',405,122,462,462,NULL),(419,'2024-04-11 08:51:47',180000,105000,15000,30000,0,0,15000,12000,0,0,4000,-1000,0,0,0,0,1,1,1,3,8,300000,300000,270000,0,0,300000,240000,NULL,'',8,10,-2,-1,1,1,'VIEW_SUMMARY',407,122,461,461,NULL),(420,'2024-04-11 08:58:34',50000,20000,0,7000,0,0,20000,3000,0,8000,0,-5000,0,0,0,0,3,0,0,1,3,80000,70000,63000,0,0,70000,56000,NULL,'',8,7,-2,-1,0,1,'VIEW_SUMMARY',414,123,520,520,NULL),(421,'2024-04-11 08:57:36',100000,50000,0,16000,0,0,20000,35000,0,0,0,3000,0,0,3,0,0,0,0,4,6,170000,160000,144000,0,0,160000,128000,NULL,'',6,10,-2,-1,2,2,'VIEW_SUMMARY',413,123,515,515,NULL),(422,'2024-04-11 08:58:47',180000,105000,0,30000,0,0,20000,40000,0,0,0,55000,0,0,3,0,0,0,0,5,8,300000,300000,270000,0,0,300000,240000,NULL,'',6,10,-2,-1,3,3,'VIEW_SUMMARY',415,123,514,514,NULL),(423,'2024-04-11 08:54:56',120000,65000,0,20000,0,0,20000,11000,13000,0,0,1000,0,0,1,1,0,0,0,5,7,200000,200000,180000,0,0,200000,160000,NULL,'',8,10,-2,-1,3,2,'VIEW_SUMMARY',417,123,512,512,NULL),(424,'2024-04-11 08:56:06',65000,30000,0,10000,0,0,20000,12000,0,0,0,3000,0,0,0,0,0,0,0,4,4,110000,100000,90000,0,0,100000,80000,NULL,'',8,10,-2,-1,1,1,'VIEW_SUMMARY',412,123,513,513,NULL),(425,'2024-04-11 08:58:16',80000,40000,0,12500,0,0,20000,3000,0,8000,0,8000,0,0,0,0,3,0,0,1,5,130000,125000,112500,0,0,125000,100000,NULL,'',8,7,-2,-1,1,1,'VIEW_SUMMARY',416,123,519,519,NULL),(426,'2024-04-11 08:53:32',120000,65000,0,16000,0,0,15000,20000,13000,0,0,1000,0,0,1,1,0,0,0,2,7,200000,160000,128000,0,0,160000,112000,NULL,'',6,10,-2,-1,6,4,'VIEW_SUMMARY',433,124,476,476,NULL),(427,'2024-04-11 08:53:22',80000,40000,3000,13000,0,0,15000,6000,0,0,0,3000,0,0,0,0,0,0,1,-1,5,130000,130000,104000,0,0,130000,91000,NULL,'',6,10,-2,-1,1,0,'VIEW_SUMMARY',432,124,475,475,NULL),(428,'2024-04-11 08:53:00',180000,105000,0,30000,0,0,15000,0,0,0,0,45000,0,0,0,0,0,0,0,3,8,300000,300000,240000,0,0,300000,210000,NULL,'',6,10,-2,-1,6,6,'VIEW_SUMMARY',431,124,474,474,NULL),(429,'2024-04-11 08:53:19',100000,50000,1000,17000,0,0,25000,3000,0,0,0,4000,0,0,0,0,0,0,1,2,6,170000,170000,136000,0,0,170000,119000,NULL,'',8,10,-2,-1,2,2,'VIEW_SUMMARY',429,124,472,472,NULL),(430,'2024-04-11 08:53:48',50000,20000,8000,7000,6000,0,15000,0,4000,0,0,2000,1,-1,0,1,0,0,1,-1,3,80000,80000,64000,70000,70000,70000,63000,7,'',6,10,-2,-1,1,0,'VIEW_SUMMARY',430,124,477,477,NULL),(431,'2024-04-10 18:54:34',65000,30000,10000,10400,4000,0,25000,0,0,0,0,-6400,1,-1,0,0,0,0,1,-5,4,110000,70000,56000,60000,104000,104000,93600,12,'',8,10,-2,-1,0,1,'VIEW_SUMMARY',428,124,480,536,NULL),(432,'2024-04-11 08:55:25',100000,50000,0,17000,16000,30000,15000,17000,0,0,0,6000,1,0,1,0,0,0,0,4,6,170000,160000,144000,160000,200000,170000,153000,10,'',8,10,-2,-1,2,0,'VIEW_SUMMARY',421,125,495,492,NULL),(433,'2024-04-11 08:57:11',50000,20000,0,8000,0,0,20000,0,0,0,0,3000,0,0,0,0,0,0,0,4,3,80000,80000,72000,0,0,80000,64000,NULL,'',6,10,-2,-1,1,0,'VIEW_SUMMARY',422,125,497,497,NULL),(434,'2024-04-11 08:49:35',80000,40000,0,6000,0,0,20000,12000,0,0,0,2000,0,0,0,0,0,0,0,4,5,130000,60000,54000,0,0,60000,48000,NULL,'',8,7,-2,-1,3,3,'VIEW_SUMMARY',426,125,499,499,NULL),(435,'2024-04-11 08:52:45',65000,30000,35000,7000,101000,0,20000,26000,0,0,0,2000,1,-2,0,0,0,0,1,3,4,110000,110000,99000,200000,70000,70000,63000,13,'Debt',8,7,-2,-1,2,2,'VIEW_SUMMARY',420,125,492,546,NULL),(436,'2024-04-11 08:55:39',180000,105000,0,8000,7000,0,20000,55000,0,0,0,65000,1,-6,5,0,0,0,0,-6,8,300000,70000,63000,70000,80000,80000,72000,11,'',6,10,-2,-1,2,2,'VIEW_SUMMARY',423,125,500,544,NULL),(437,'2024-04-11 08:49:18',80000,40000,7000,13000,43000,70000,15000,0,0,0,0,-22000,1,1,0,0,0,0,1,3,5,130000,130000,117000,160000,200000,130000,117000,11,'',8,10,-2,-1,0,0,'VIEW_SUMMARY',424,125,496,542,NULL),(438,'2024-04-11 08:55:44',120000,65000,0,13800,0,0,15000,20000,0,0,0,53400,0,0,2,0,0,0,0,2,7,200000,138000,124200,0,0,138000,110400,NULL,'',8,10,-2,-1,2,0,'VIEW_SUMMARY',425,125,493,493,NULL),(439,'2024-04-11 08:56:53',65000,30000,0,8000,0,0,15000,11000,0,0,0,15000,0,0,1,0,0,0,0,3,4,110000,80000,72000,0,0,80000,64000,NULL,'',6,10,-2,-1,1,1,'VIEW_SUMMARY',388,127,507,507,NULL),(440,'2024-04-11 08:56:17',180000,105000,0,30000,0,0,20000,0,0,0,0,110000,0,0,0,0,0,0,0,3,8,300000,300000,270000,0,0,300000,240000,NULL,'',8,10,-2,-1,1,0,'VIEW_SUMMARY',391,127,502,502,NULL),(441,'2024-04-11 08:59:45',120000,65000,0,16000,12500,0,15000,35000,13000,0,0,16000,1,-2,3,1,0,0,0,-3,7,200000,125000,112500,125000,160000,160000,144000,10,'',6,10,-2,-1,1,2,'VIEW_SUMMARY',393,127,509,505,NULL),(442,'2024-04-11 09:07:34',80000,40000,3000,13000,0,0,15000,9000,0,0,0,0,0,0,0,0,0,0,1,4,5,130000,130000,117000,0,0,130000,104000,NULL,'',6,10,-2,-1,1,1,'VIEW_SUMMARY',392,127,506,506,NULL),(443,'2024-04-11 08:56:05',100000,50000,0,10000,0,0,20000,35000,0,0,0,5000,0,0,3,0,0,0,0,3,6,170000,100000,90000,0,0,100000,80000,NULL,'',8,10,-2,-1,2,2,'VIEW_SUMMARY',389,127,503,503,NULL),(444,'2024-04-11 08:56:49',80000,40000,3000,8000,43000,0,15000,55000,0,0,0,2000,1,-3,5,0,0,0,1,0,5,130000,130000,117000,160000,80000,80000,72000,12,'',6,10,-2,-1,2,2,'VIEW_SUMMARY',394,127,505,554,NULL),(445,'2024-04-11 08:56:58',50000,20000,8000,7000,0,0,20000,0,0,0,0,-5000,0,0,0,0,0,0,1,0,3,80000,70000,63000,0,0,70000,56000,NULL,'',8,7,-2,-1,0,1,'VIEW_SUMMARY',390,127,510,510,NULL),(446,'2024-04-11 08:52:40',120000,65000,22000,12500,130000,0,15000,46000,0,0,0,89500,1,-3,4,0,1,0,1,-5,7,200000,200000,160000,290000,125000,125000,112500,12,'',8,7,-2,-1,4,3,'VIEW_SUMMARY',409,129,464,568,NULL),(447,'2024-04-11 08:55:14',50000,20000,22000,7000,0,0,15000,0,0,12000,4000,-30000,0,0,0,0,4,1,1,-12,3,80000,70000,56000,0,0,70000,49000,NULL,'',8,7,-2,-1,0,0,'VIEW_SUMMARY',406,129,470,470,NULL),(448,'2024-04-11 08:55:12',80000,40000,0,11000,0,0,20000,3000,16000,0,0,10000,0,0,0,2,0,0,0,4,5,130000,110000,88000,0,0,110000,77000,NULL,'',8,10,-2,-1,2,2,'VIEW_SUMMARY',410,129,463,463,NULL),(449,'2024-04-11 08:55:36',65000,30000,0,8000,0,0,20000,0,6000,0,4000,-1000,0,0,0,1,0,1,0,1,4,110000,80000,64000,0,0,80000,56000,NULL,'',6,10,-2,-1,2,1,'VIEW_SUMMARY',404,129,467,467,NULL),(450,'2024-04-11 08:55:37',100000,50000,0,17000,0,0,20000,0,10000,0,0,8000,0,0,0,1,0,0,0,5,6,170000,170000,136000,0,0,170000,119000,NULL,'',8,10,-2,-1,2,2,'VIEW_SUMMARY',405,129,462,462,NULL),(451,'2024-04-11 08:51:25',80000,40000,3000,12500,46000,0,15000,35000,0,0,0,20500,1,-1,3,0,1,0,1,-4,5,130000,130000,104000,150000,125000,125000,112500,12,'',8,7,-2,-1,1,3,'VIEW_SUMMARY',408,129,466,567,NULL),(452,'2024-04-11 08:51:47',180000,105000,1000,30000,0,0,20000,14000,0,0,0,10000,0,0,1,0,0,0,1,2,8,300000,300000,240000,0,0,300000,210000,NULL,'',8,10,-2,-1,2,2,'VIEW_SUMMARY',407,129,461,461,NULL),(453,'2024-04-11 08:54:56',120000,65000,0,20000,0,0,25000,0,0,0,0,-14000,0,0,0,0,0,0,0,5,7,200000,200000,160000,0,0,200000,140000,NULL,'',8,10,-2,-1,3,2,'VIEW_SUMMARY',417,130,512,512,NULL),(454,'2024-04-11 08:58:47',180000,105000,0,30000,0,0,20000,11000,0,0,0,49000,0,0,1,0,0,0,0,5,8,300000,300000,240000,0,0,300000,210000,NULL,'',6,10,-2,-1,4,3,'VIEW_SUMMARY',415,130,514,514,NULL),(455,'2024-04-11 08:56:06',65000,30000,0,10000,0,0,25000,0,0,0,0,-22000,0,0,0,0,0,0,0,4,4,110000,100000,80000,0,0,100000,70000,NULL,'',8,10,-2,-1,1,1,'VIEW_SUMMARY',412,130,513,513,NULL),(456,'2024-04-11 08:58:16',80000,40000,0,12500,0,0,20000,0,0,4000,0,-8500,0,0,0,0,2,0,0,-1,5,130000,125000,100000,0,0,125000,87500,NULL,'',8,7,-2,-1,1,1,'VIEW_SUMMARY',416,130,519,519,NULL),(457,'2024-04-11 08:57:36',100000,50000,0,16000,0,0,20000,0,0,0,0,-3000,0,0,0,0,0,0,0,4,6,170000,160000,128000,0,0,160000,112000,NULL,'',6,10,-2,-1,2,2,'VIEW_SUMMARY',413,130,515,515,NULL),(458,'2024-04-11 08:58:34',50000,20000,5000,7000,0,0,20000,0,0,4000,0,-26000,0,0,0,0,2,0,1,-2,3,80000,70000,56000,0,0,70000,49000,NULL,'',8,7,-2,-1,0,1,'VIEW_SUMMARY',414,130,520,520,NULL),(459,'2024-04-10 18:54:34',65000,30000,6400,10400,0,0,20000,0,0,0,0,-1800,0,0,0,0,0,0,1,-6,4,110000,104000,93600,0,0,104000,83200,NULL,'',8,10,-2,-1,0,1,'VIEW_SUMMARY',428,131,536,536,NULL),(460,'2024-04-11 08:53:32',120000,65000,0,16000,0,0,15000,11000,13000,0,0,1000,0,0,0,1,0,0,0,3,7,200000,160000,112000,0,0,160000,96000,NULL,'',6,10,-2,-1,6,6,'VIEW_SUMMARY',433,131,476,476,NULL),(461,'2024-04-11 08:53:48',50000,20000,0,7000,0,0,15000,0,8000,0,0,2000,0,0,0,2,0,0,0,1,3,80000,70000,63000,0,0,70000,56000,NULL,'',6,10,-2,-1,1,0,'VIEW_SUMMARY',430,131,477,477,NULL),(462,'2024-04-11 08:53:00',180000,105000,0,30000,0,0,15000,0,42000,0,0,33000,0,0,0,2,0,0,0,5,8,300000,300000,210000,0,0,300000,180000,NULL,'',6,10,-2,-1,6,6,'VIEW_SUMMARY',431,131,474,474,NULL),(463,'2024-04-11 08:53:19',100000,50000,0,17000,0,0,20000,14000,0,0,0,3000,0,0,0,0,0,0,0,2,6,170000,170000,119000,0,0,170000,102000,NULL,'',8,10,-2,-1,3,3,'VIEW_SUMMARY',429,131,472,472,NULL),(464,'2024-04-11 08:53:22',80000,40000,0,13000,64000,70000,20000,3000,0,0,0,1000,1,1,0,0,0,0,0,-1,5,130000,130000,91000,155000,200000,130000,117000,10,'',8,10,-2,-1,2,2,'VIEW_SUMMARY',432,131,475,575,NULL),(465,'2024-04-11 09:44:19',65000,30000,0,0,0,0,0,0,0,0,0,5000,0,0,0,0,0,0,0,5,4,110000,0,0,0,0,0,0,NULL,'',0,0,0,0,0,0,'LOGIN',396,132,NULL,NULL,NULL),(466,'2024-04-11 09:44:21',120000,65000,0,0,0,0,0,0,0,0,0,50000,0,0,0,0,0,0,0,5,7,200000,0,0,0,0,0,0,NULL,'',0,0,0,0,0,0,'LOGIN',401,132,NULL,NULL,NULL),(467,'2024-04-11 09:44:22',180000,105000,0,0,0,0,0,0,0,0,0,80000,0,0,0,0,0,0,0,5,8,300000,0,0,0,0,0,0,NULL,'',0,0,0,0,0,0,'LOGIN',399,132,NULL,NULL,NULL),(468,'2024-04-11 09:44:29',50000,20000,0,0,0,0,0,0,0,0,0,0,0,0,0,0,0,0,0,5,3,80000,0,0,0,0,0,0,NULL,'',0,0,0,0,0,0,'LOGIN',398,132,NULL,NULL,NULL),(469,'2024-04-11 09:44:38',80000,40000,0,0,0,0,0,0,0,0,0,15000,0,0,0,0,0,0,0,5,5,130000,0,0,0,0,0,0,NULL,'',0,0,0,0,0,0,'LOGIN',400,132,NULL,NULL,NULL),(470,'2024-04-11 09:44:42',100000,50000,0,0,0,0,0,0,0,0,0,30000,0,0,0,0,0,0,0,5,6,170000,0,0,0,0,0,0,NULL,'',0,0,0,0,0,0,'LOGIN',397,132,NULL,NULL,NULL),(471,'2024-04-11 09:44:19',65000,30000,0,10000,0,0,20000,0,0,0,0,10000,0,-1,0,0,0,0,0,4,4,110000,0,0,0,100000,100000,90000,NULL,'',8,10,0,0,0,0,'VIEW_SUMMARY',396,133,NULL,583,NULL),(472,'2024-04-11 09:44:29',50000,20000,0,8000,0,1000,15000,0,4000,0,4000,-2000,0,-1,0,1,0,1,0,4,3,80000,0,0,0,81000,80000,72000,NULL,'',6,10,0,0,0,0,'VIEW_SUMMARY',398,133,NULL,587,NULL),(473,'2024-04-11 09:44:21',120000,65000,0,16000,0,0,15000,35000,13000,0,4000,22000,0,-2,3,1,0,1,0,3,7,200000,0,0,0,160000,160000,144000,NULL,'',6,10,0,0,1,2,'VIEW_SUMMARY',401,133,NULL,586,NULL),(474,'2024-04-11 09:44:38',80000,40000,0,13000,0,35000,15000,0,0,0,4000,-12000,0,0,0,0,0,1,0,4,5,130000,0,0,0,165000,130000,117000,NULL,'',6,10,0,0,0,0,'VIEW_SUMMARY',400,133,NULL,585,NULL),(475,'2024-04-11 09:44:22',180000,105000,0,30000,0,0,15000,55000,0,0,0,55000,0,0,5,0,0,0,0,5,8,300000,0,0,0,300000,300000,270000,NULL,'',6,10,0,0,2,2,'VIEW_SUMMARY',399,133,NULL,584,NULL),(476,'2024-04-11 09:44:42',100000,50000,0,12500,0,0,20000,35000,10000,0,0,2500,0,-2,3,1,0,0,0,4,6,170000,0,0,0,125000,125000,112500,NULL,'',8,7,0,0,1,2,'VIEW_SUMMARY',397,133,NULL,589,NULL),(477,'2024-04-11 08:52:45',65000,30000,0,7000,0,0,20000,0,0,0,4000,-14000,0,0,0,0,0,1,0,2,4,110000,70000,63000,0,0,70000,56000,NULL,'',8,7,-2,-1,2,2,'VIEW_SUMMARY',420,134,546,546,NULL),(478,'2024-04-11 08:55:39',180000,105000,0,8000,0,0,20000,31000,0,0,4000,57000,0,0,2,0,0,1,0,-7,8,300000,80000,72000,0,0,80000,64000,NULL,'',6,10,-2,-1,4,3,'VIEW_SUMMARY',423,134,544,544,NULL),(479,'2024-04-11 08:55:44',120000,65000,0,13800,0,0,20000,6000,0,0,4000,44600,0,0,0,0,0,1,0,1,7,200000,138000,110400,0,0,138000,96600,NULL,'',8,10,-2,-1,3,0,'VIEW_SUMMARY',425,134,493,493,NULL),(480,'2024-04-11 08:49:18',80000,40000,22000,13000,0,0,20000,0,0,0,4000,-39000,0,0,0,0,0,1,1,1,5,130000,130000,117000,0,0,130000,104000,NULL,'',8,10,-2,-1,0,0,'VIEW_SUMMARY',424,134,542,542,NULL),(481,'2024-04-11 08:55:25',100000,50000,0,17000,0,0,20000,0,0,0,4000,-5000,0,0,0,0,0,1,0,3,6,170000,170000,153000,0,0,170000,136000,NULL,'',8,10,-2,-1,2,0,'VIEW_SUMMARY',421,134,492,492,NULL),(482,'2024-04-11 08:49:35',80000,40000,0,6000,0,0,20000,0,0,0,4000,-8000,0,0,0,0,0,1,0,3,5,130000,60000,48000,0,0,60000,42000,NULL,'',8,7,-2,-1,3,3,'VIEW_SUMMARY',426,134,499,499,NULL),(483,'2024-04-11 08:57:11',50000,20000,0,8000,0,0,20000,0,0,0,4000,-19000,0,0,0,0,0,1,0,3,3,80000,80000,64000,0,0,80000,56000,NULL,'',6,10,-2,-1,1,0,'VIEW_SUMMARY',422,134,497,497,NULL),(484,'2024-04-11 08:57:36',100000,50000,3000,17000,48000,30000,30000,8000,10000,0,0,0,1,0,0,1,0,0,1,3,6,170000,160000,112000,160000,200000,170000,153000,12,'',8,10,-2,-1,2,2,'VIEW_SUMMARY',413,135,515,597,NULL),(485,'2024-04-11 08:58:47',180000,105000,0,30000,90000,125000,30000,20000,0,0,0,9000,1,1,2,0,0,0,0,5,8,300000,300000,210000,300000,425000,300000,270000,7,'',8,10,-2,-1,2,1,'VIEW_SUMMARY',415,135,514,598,NULL),(486,'2024-04-11 08:54:56',120000,65000,14000,20000,0,0,30000,0,0,0,0,-9000,0,0,0,0,0,0,1,4,7,200000,200000,140000,0,0,200000,120000,NULL,'',8,10,-2,-1,3,2,'VIEW_SUMMARY',417,135,512,512,NULL),(487,'2024-04-11 08:58:34',50000,20000,26000,7000,0,0,20000,0,0,8000,0,-31000,0,0,0,0,3,0,1,-6,3,80000,70000,49000,0,0,70000,42000,NULL,'',8,7,-2,-1,0,1,'VIEW_SUMMARY',414,135,520,520,NULL),(488,'2024-04-11 08:56:06',65000,30000,22000,10000,0,0,30000,0,0,0,0,-27000,0,0,0,0,0,0,1,3,4,110000,100000,70000,0,0,100000,60000,NULL,'',8,10,-2,-1,1,1,'VIEW_SUMMARY',412,135,513,513,NULL),(489,'2024-04-11 08:58:16',80000,40000,8500,12500,0,0,20000,0,0,8000,0,-9000,0,0,0,0,3,0,1,-5,5,130000,125000,87500,0,0,125000,75000,NULL,'',8,7,-2,-1,1,1,'VIEW_SUMMARY',416,135,519,519,NULL),(490,'2024-04-11 08:56:49',80000,40000,0,8000,0,0,15000,18000,0,0,0,1000,0,0,0,0,0,0,0,0,5,130000,80000,72000,0,0,80000,64000,NULL,'',6,10,-2,-1,4,3,'VIEW_SUMMARY',394,136,554,554,NULL),(491,'2024-04-11 08:56:53',65000,30000,0,8000,0,0,15000,20000,0,0,0,7000,0,0,2,0,0,0,0,3,4,110000,80000,64000,0,0,80000,56000,NULL,'',6,10,-2,-1,2,1,'VIEW_SUMMARY',388,136,507,507,NULL),(492,'2024-04-11 08:59:45',120000,65000,0,16000,0,0,15000,20000,13000,0,0,7000,0,0,2,1,0,0,0,-2,7,200000,160000,144000,0,0,160000,128000,NULL,'',6,10,-2,-1,2,2,'VIEW_SUMMARY',393,136,505,505,NULL),(493,'2024-04-11 08:56:05',100000,50000,0,10000,0,0,20000,0,20000,0,0,5000,0,0,0,2,0,0,0,5,6,170000,100000,80000,0,0,100000,70000,NULL,'',8,10,-2,-1,2,2,'VIEW_SUMMARY',389,136,503,503,NULL),(494,'2024-04-11 08:56:17',180000,105000,0,30000,0,0,20000,0,0,0,0,135000,0,0,0,0,0,0,0,3,8,300000,300000,240000,0,0,300000,210000,NULL,'',8,10,-2,-1,1,0,'VIEW_SUMMARY',391,136,502,502,NULL),(495,'2024-04-11 08:56:58',50000,20000,5000,8000,9000,20000,20000,0,0,0,0,-14000,1,0,0,0,0,0,1,-2,3,80000,70000,56000,65000,100000,80000,72000,11,'',8,10,-2,-1,0,1,'VIEW_SUMMARY',390,136,510,603,NULL),(496,'2024-04-11 09:07:34',80000,40000,0,13000,0,0,15000,12000,0,0,0,0,0,0,0,0,0,0,0,4,5,130000,130000,104000,0,0,130000,91000,NULL,'',6,10,-2,-1,2,2,'VIEW_SUMMARY',392,136,506,506,NULL),(497,'2024-04-11 08:52:40',120000,65000,0,12500,0,0,15000,32000,65000,0,0,20000,0,0,2,5,1,0,0,-1,7,200000,125000,112500,0,0,125000,100000,NULL,'',8,7,-2,-1,6,4,'VIEW_SUMMARY',409,137,568,568,NULL),(498,'2024-04-11 08:55:37',100000,50000,0,17000,0,0,20000,0,20000,0,0,1000,0,0,0,2,0,0,0,7,6,170000,170000,119000,0,0,170000,102000,NULL,'',8,10,-2,-1,2,2,'VIEW_SUMMARY',405,137,462,462,NULL),(499,'2024-04-11 08:55:36',65000,30000,1000,8000,0,0,20000,0,6000,0,4000,-4000,0,0,0,1,0,1,1,0,4,110000,80000,56000,0,0,80000,48000,NULL,'',6,10,-2,-1,2,1,'VIEW_SUMMARY',404,137,467,467,NULL),(500,'2024-04-11 08:55:12',80000,40000,0,11000,0,0,20000,0,16000,0,0,3000,0,0,0,2,0,0,0,6,5,130000,110000,77000,0,0,110000,66000,NULL,'',8,10,-2,-1,2,2,'VIEW_SUMMARY',410,137,463,463,NULL),(501,'2024-04-11 08:55:14',50000,20000,30000,7000,0,0,15000,0,0,4000,4000,-30000,0,0,0,0,2,1,1,-16,3,80000,70000,49000,0,0,70000,42000,NULL,'',8,7,-2,-1,0,0,'VIEW_SUMMARY',406,137,470,470,NULL),(502,'2024-04-11 08:51:47',180000,105000,0,30000,0,0,20000,35000,0,0,0,0,0,0,3,0,0,0,0,2,8,300000,300000,210000,0,0,300000,180000,NULL,'',8,10,-2,-1,3,4,'VIEW_SUMMARY',407,137,461,461,NULL),(503,'2024-04-11 08:51:25',80000,40000,0,12500,0,0,15000,20000,0,0,0,13000,0,0,1,0,1,0,0,-5,5,130000,125000,112500,0,0,125000,100000,NULL,'',8,7,-2,-1,2,4,'VIEW_SUMMARY',408,137,567,567,NULL),(504,'2024-04-11 08:55:44',120000,65000,0,13800,0,0,25000,0,26000,12000,0,22800,0,0,0,2,4,0,0,-1,7,200000,138000,96600,0,0,138000,82800,NULL,'',8,10,-2,-1,3,0,'VIEW_SUMMARY',425,138,493,493,NULL),(505,'2024-04-11 08:55:25',100000,50000,5000,17000,0,0,25000,3000,0,8000,0,-8000,0,0,0,0,3,0,1,-1,6,170000,170000,136000,0,0,170000,119000,NULL,'',8,10,-2,-1,2,1,'VIEW_SUMMARY',421,138,492,492,NULL),(506,'2024-04-11 08:57:11',50000,20000,19000,8000,0,0,20000,0,0,12000,4000,-33000,0,0,0,0,4,1,1,-3,3,80000,80000,56000,0,0,80000,48000,NULL,'',6,10,-2,-1,1,0,'VIEW_SUMMARY',422,138,497,497,NULL),(507,'2024-04-11 08:49:18',80000,40000,39000,7000,96000,0,15000,0,72000,16000,0,-13000,3,-3,0,9,5,0,1,-2,5,130000,130000,104000,200000,70000,70000,63000,13,'Wil goedkoper wonen',8,7,-2,-1,1,2,'VIEW_DAMAGE',424,138,542,620,NULL),(508,'2024-04-11 08:55:39',180000,105000,0,8000,0,0,20000,0,84000,0,0,20000,0,0,0,4,1,0,0,-4,8,300000,80000,64000,0,0,80000,56000,NULL,'',6,10,-2,-1,4,3,'VIEW_SUMMARY',423,138,544,544,NULL),(509,'2024-04-11 08:52:45',65000,30000,14000,7000,0,0,15000,0,0,16000,0,-17000,0,0,0,0,5,0,1,-4,4,110000,70000,56000,0,0,70000,49000,NULL,'',8,7,-2,-1,2,2,'VIEW_DAMAGE',420,138,546,546,NULL),(510,'2024-04-11 08:49:35',80000,40000,8000,6000,0,0,15000,0,8000,12000,0,-9000,0,0,0,1,4,0,1,-1,5,130000,60000,42000,0,0,60000,36000,NULL,'',8,7,-2,-1,3,3,'VIEW_SUMMARY',426,138,499,499,NULL),(511,'2024-04-11 09:44:38',80000,40000,12000,13000,0,0,15000,0,0,0,4000,-4000,0,0,0,0,0,1,1,2,5,130000,130000,117000,0,0,130000,104000,NULL,'',6,10,-2,-1,0,0,'VIEW_SUMMARY',400,139,585,585,NULL),(512,'2024-04-11 09:44:19',65000,30000,0,10000,0,0,20000,11000,0,0,0,4000,0,0,1,0,0,0,0,4,4,110000,100000,90000,0,0,100000,80000,NULL,'',8,10,-2,-1,1,0,'VIEW_SUMMARY',396,139,583,583,NULL),(513,'2024-04-11 09:44:22',180000,105000,0,30000,0,0,15000,40000,0,0,0,45000,0,0,1,0,0,0,0,5,8,300000,300000,270000,0,0,300000,240000,NULL,'',6,10,-2,-1,5,5,'VIEW_SUMMARY',399,139,584,584,NULL),(514,'2024-04-11 09:44:29',50000,20000,2000,8000,0,0,15000,3000,0,0,4000,-2000,0,0,0,0,0,1,1,2,3,80000,80000,72000,0,0,80000,64000,NULL,'',6,10,-2,-1,0,1,'VIEW_SUMMARY',398,139,587,587,NULL),(515,'2024-04-11 09:44:42',100000,50000,0,12500,0,0,20000,0,0,0,0,20000,0,0,0,0,1,0,0,3,6,170000,125000,112500,0,0,125000,100000,NULL,'',8,7,-2,-1,1,2,'VIEW_SUMMARY',397,139,589,589,NULL),(516,'2024-04-11 09:44:21',120000,65000,0,16000,0,0,15000,32000,0,0,0,14000,0,0,2,0,0,0,0,3,7,200000,160000,144000,0,0,160000,128000,NULL,'',6,10,-2,-1,3,3,'VIEW_SUMMARY',401,139,586,586,NULL),(517,'2024-04-11 08:56:49',80000,40000,0,8000,0,0,15000,11000,0,0,4000,3000,0,0,1,0,1,1,0,-2,5,130000,80000,64000,0,0,80000,56000,NULL,'',6,10,-2,-1,5,3,'VIEW_SUMMARY',394,140,554,554,NULL),(518,'2024-04-11 09:07:34',80000,40000,0,13000,0,0,15000,8000,0,0,4000,0,0,0,0,0,1,1,0,2,5,130000,130000,91000,0,0,130000,78000,NULL,'',6,10,-2,-1,2,3,'VIEW_SUMMARY',392,140,506,506,NULL),(519,'2024-04-11 08:56:05',100000,50000,0,10000,0,0,20000,3000,20000,0,4000,-2000,0,0,0,2,1,1,0,5,6,170000,100000,70000,0,0,100000,60000,NULL,'',8,10,-2,-1,2,3,'VIEW_SUMMARY',389,140,503,503,NULL),(520,'2024-04-11 08:56:53',65000,30000,0,8000,0,0,15000,12000,6000,0,4000,-3000,0,0,0,1,1,1,0,2,4,110000,80000,56000,0,0,80000,48000,NULL,'',6,10,-2,-1,3,2,'VIEW_SUMMARY',388,140,507,507,NULL),(521,'2024-04-11 08:59:45',120000,65000,0,16000,0,0,15000,0,26000,0,4000,1000,0,0,0,2,1,1,0,-2,7,200000,160000,128000,0,0,160000,112000,NULL,'',6,10,-2,-1,2,2,'VIEW_SUMMARY',393,140,505,505,NULL),(522,'2024-04-11 08:56:58',50000,20000,14000,8000,0,0,20000,0,0,0,4000,-16000,0,0,0,0,1,1,1,-5,3,80000,80000,72000,0,0,80000,64000,NULL,'',8,10,-2,-1,0,1,'VIEW_SUMMARY',390,140,603,603,NULL),(523,'2024-04-11 08:56:17',180000,105000,0,30000,0,0,20000,66000,0,0,0,94000,0,0,5,0,1,0,0,2,8,300000,300000,210000,0,0,300000,180000,NULL,'',8,10,-2,-1,4,3,'VIEW_SUMMARY',391,140,502,502,NULL),(524,'2024-04-11 09:44:42',100000,50000,0,10000,15000,0,25000,20000,30000,0,0,0,1,-3,2,3,0,0,0,2,6,170000,125000,100000,115000,100000,100000,90000,8,'',8,10,-2,-1,1,1,'VIEW_SUMMARY',397,141,589,632,NULL),(525,'2024-04-11 09:44:19',65000,30000,0,10000,0,0,25000,0,0,0,0,4000,0,0,0,0,0,0,0,4,4,110000,100000,80000,0,0,100000,70000,NULL,'',8,10,-2,-1,1,0,'VIEW_SUMMARY',396,141,583,583,NULL),(526,'2024-04-11 09:44:22',180000,105000,0,30000,0,0,15000,20000,21000,0,0,34000,0,0,1,1,0,0,0,6,8,300000,300000,240000,0,0,300000,210000,NULL,'',6,10,-2,-1,6,6,'VIEW_SUMMARY',399,141,584,584,NULL),(527,'2024-04-11 09:44:38',80000,40000,4000,13000,0,0,15000,0,0,0,0,-5000,0,0,0,0,0,0,1,1,5,130000,130000,104000,0,0,130000,78000,NULL,'',6,10,-2,-1,0,0,'VIEW_SUMMARY',400,141,585,585,NULL),(528,'2024-04-11 09:44:29',50000,20000,2000,8000,0,0,15000,0,0,0,0,5000,0,0,0,0,0,0,1,1,3,80000,80000,64000,0,0,80000,56000,NULL,'',6,10,-2,-1,0,1,'VIEW_SUMMARY',398,141,587,587,NULL),(529,'2024-04-11 09:44:21',120000,65000,0,16000,0,0,15000,11000,26000,0,0,1000,0,0,1,2,0,0,0,5,7,200000,160000,128000,0,0,160000,112000,NULL,'',6,10,-2,-1,4,3,'VIEW_SUMMARY',401,141,586,586,NULL),(549,'2024-09-14 02:04:36',65000,30000,0,0,0,0,0,0,0,0,0,5000,0,0,0,0,0,0,0,5,4,110000,0,0,0,0,0,0,NULL,'',0,0,0,0,0,0,'LOGIN',252,159,NULL,NULL,NULL),(550,'2024-09-14 02:04:36',65000,30000,0,11000,0,15000,20000,0,0,0,0,-26000,0,0,0,0,0,0,0,5,4,110000,0,0,0,125000,110000,99000,NULL,'',0,0,0,0,0,0,'VIEW_IMPROVEMENTS',252,160,NULL,721,NULL);
/*!40000 ALTER TABLE `playerround` ENABLE KEYS */;
UNLOCK TABLES;

--
-- Table structure for table `playerstate`
--

DROP TABLE IF EXISTS `playerstate`;
/*!40101 SET @saved_cs_client     = @@character_set_client */;
/*!40101 SET character_set_client = utf8 */;
CREATE TABLE `playerstate` (
  `id` int(10) unsigned NOT NULL AUTO_INCREMENT,
  `playerround_id` int(10) unsigned NOT NULL,
  `timestamp` timestamp NOT NULL DEFAULT current_timestamp(),
  `player_state` varchar(24) NOT NULL,
  `content` text DEFAULT NULL,
  PRIMARY KEY (`id`),
  UNIQUE KEY `id_UNIQUE` (`id`),
  KEY `fk_playerstate_playerround1_idx` (`playerround_id`),
  CONSTRAINT `fk_playerstate_playerround1` FOREIGN KEY (`playerround_id`) REFERENCES `playerround` (`id`) ON DELETE NO ACTION ON UPDATE NO ACTION
) ENGINE=InnoDB DEFAULT CHARSET=utf8mb4 COLLATE=utf8mb4_general_ci;
/*!40101 SET character_set_client = @saved_cs_client */;

--
-- Dumping data for table `playerstate`
--

LOCK TABLES `playerstate` WRITE;
/*!40000 ALTER TABLE `playerstate` DISABLE KEYS */;
/*!40000 ALTER TABLE `playerstate` ENABLE KEYS */;
UNLOCK TABLES;

--
-- Table structure for table `question`
--

DROP TABLE IF EXISTS `question`;
/*!40101 SET @saved_cs_client     = @@character_set_client */;
/*!40101 SET character_set_client = utf8 */;
CREATE TABLE `question` (
  `id` int(10) unsigned NOT NULL AUTO_INCREMENT,
  `type` varchar(12) NOT NULL,
  `question_number` int(10) unsigned NOT NULL,
  `name` varchar(80) NOT NULL,
  `description` text NOT NULL,
  `min_value` int(10) unsigned NOT NULL DEFAULT 1,
  `max_value` int(10) unsigned NOT NULL,
  `max_length` int(10) unsigned NOT NULL DEFAULT 0,
  `scenario_id` int(10) unsigned NOT NULL,
  PRIMARY KEY (`id`),
  UNIQUE KEY `id_UNIQUE` (`id`),
  KEY `fk_question_scenario1_idx` (`scenario_id`),
  CONSTRAINT `fk_question_scenario1` FOREIGN KEY (`scenario_id`) REFERENCES `scenario` (`id`) ON DELETE NO ACTION ON UPDATE NO ACTION
) ENGINE=InnoDB AUTO_INCREMENT=29 DEFAULT CHARSET=utf8mb4 COLLATE=utf8mb4_general_ci;
/*!40101 SET character_set_client = @saved_cs_client */;

--
-- Dumping data for table `question`
--

LOCK TABLES `question` WRITE;
/*!40000 ALTER TABLE `question` DISABLE KEYS */;
INSERT INTO `question` VALUES (1,'SELECT',1,'Question 1.','How do you judge the flooding risk of your house?',1,5,1,3),(2,'SELECT',2,'Question 2.','Do you trust that the public measures in your community will protect your house against flooding?',1,5,0,3),(3,'SELECT',1,'Question 1.','How do you judge the flooding risk of your house?',1,5,0,4),(4,'SELECT',2,'Question 2.','Do you trust that the public measures in your community will protect your house against flooding?',1,5,0,4),(17,'SELECT',1,'Vraag 1','Hoe denk je over het overstromingsrisico van je huis?',1,5,0,11),(18,'SELECT',2,'Vraag 2.','Vertrouw je dat de de publieke maatregelen in je wijk je huis zullen beschermen?',1,5,0,11),(19,'SELECT',1,'Vraag 1.','Hoe denk je over het overstromingsrisico van je huis?',1,5,0,12),(20,'SELECT',2,'Vraag 2.','Vertrouw je dat de de publieke maatregelen in je wijk je huis zullen beschermen?',1,5,0,12),(21,'SELECT',1,'Question 1.','Hoe schat je het overstromingsrisico van je huis in?',1,5,1,13),(22,'SELECT',2,'Question 2.','Vertrouw je erop dat de overheidsmaatregelen in jouw gemeenschap je huis zullen beschermen tegen overstromingen?',1,5,0,13),(23,'SELECT',1,'Question 1.','Hoe schat je het overstromingsrisico van je huis in?',1,5,0,14),(24,'SELECT',2,'Question 2.','Vertrouw je erop dat de overheidsmaatregelen in jouw gemeenschap je huis zullen beschermen tegen overstromingen?',1,5,0,14),(25,'SELECT',1,'Question 1.','Hoe schat je het overstromingsrisico van je huis in?',1,5,1,15),(26,'SELECT',2,'Question 2.','Vertrouw je erop dat de overheidsmaatregelen in jouw gemeenschap je huis zullen beschermen tegen overstromingen?',1,5,0,15),(27,'SELECT',1,'Question 1.','Hoe schat je het overstromingsrisico van je huis in?',1,5,0,16),(28,'SELECT',2,'Question 2.','Vertrouw je erop dat de overheidsmaatregelen in jouw gemeenschap je huis zullen beschermen tegen overstromingen?',1,5,0,16);
/*!40000 ALTER TABLE `question` ENABLE KEYS */;
UNLOCK TABLES;

--
-- Table structure for table `questionitem`
--

DROP TABLE IF EXISTS `questionitem`;
/*!40101 SET @saved_cs_client     = @@character_set_client */;
/*!40101 SET character_set_client = utf8 */;
CREATE TABLE `questionitem` (
  `id` int(10) unsigned NOT NULL AUTO_INCREMENT,
  `code` varchar(8) NOT NULL,
  `name` varchar(255) NOT NULL,
  `question_id` int(10) unsigned NOT NULL,
  PRIMARY KEY (`id`),
  UNIQUE KEY `id_UNIQUE` (`id`),
  UNIQUE KEY `code_UNIQUE` (`question_id`,`code`),
  KEY `fk_questionitem_question1_idx` (`question_id`),
  CONSTRAINT `fk_questionitem_question1` FOREIGN KEY (`question_id`) REFERENCES `question` (`id`) ON DELETE NO ACTION ON UPDATE NO ACTION
) ENGINE=InnoDB AUTO_INCREMENT=51 DEFAULT CHARSET=utf8mb4 COLLATE=utf8mb4_general_ci;
/*!40101 SET character_set_client = @saved_cs_client */;

--
-- Dumping data for table `questionitem`
--

LOCK TABLES `questionitem` WRITE;
/*!40000 ALTER TABLE `questionitem` DISABLE KEYS */;
INSERT INTO `questionitem` VALUES (1,'1','I won\'t get flooded',1),(2,'2','I won\'t get damaged',1),(3,'3','I might suffer minor damage',1),(4,'4','I will suffer minor damage',1),(5,'5','I will get seriously damaged',1),(6,'1','I won\'t get flooded',3),(7,'2','I won\'t get damaged',3),(8,'3','I might suffer minor damage',3),(9,'4','I will suffer minor damage',3),(10,'5','I will get seriously damaged',3),(11,'1','Absolutely not',2),(12,'2','No',2),(13,'3','Inconclusive',2),(14,'4','Yes',2),(15,'5','Absolutely sure',2),(16,'1','Absolotely not',4),(17,'2','No',4),(18,'3','Inconclusive',4),(19,'4','Yes',4),(20,'5','Absolutely sure',4),(21,'1','Mijn huis zal niet overstromen',17),(22,'2','Mijn huis zal geen schade oplopen',17),(23,'3','Mijn huis krijgt wellicht geringe schade',17),(24,'4','Mijn huis krijgt kleine schade',17),(25,'5','Mijn huis krijgt serieuze schade',17),(26,'1','Mijn huis zal niet overstromen',19),(27,'2','Mijn huis zal geen schade oplopen',19),(28,'3','Mijn huis krijgt wellicht geringe schade',19),(29,'4','Mijn huis krijgt kleine schade',19),(30,'5','Mijn huis krijgt serieuze schade',19),(31,'1','Absoluut niet',18),(32,'3','Misschien / weet niet',18),(33,'2','Nee',18),(34,'4','Ja',18),(35,'5','Zeker',18),(36,'1','Absoluut niet',20),(37,'2','Nee',20),(38,'3','Misschien / weet niet',20),(39,'4','Ja',20),(40,'5','Zeker',20),(41,'1','Ik raak niet overstroomd',21),(42,'2','Ik raak niet beschadigd',21),(43,'3','Ik kan kleine schade oplopen',21),(44,'4','Ik zal lichte schade oplopen',21),(45,'5','Ik zal ernstig beschadigd raken',21),(46,'1','Absoluut vertrouwen in de publieke bescherming van mijn gebied',22),(47,'2','Vertrouwen in de publieke bescherming van mijn gebied',22),(48,'3','Inconclusief vertrouwen in publieke bescherming van mijn gebied',22),(49,'4','Geen vertrouwen in de publieke bescherming van mijn gebied',22),(50,'5','Absoluut geen vertrouwen in de publieke bescherming van mijn gebied',22);
/*!40000 ALTER TABLE `questionitem` ENABLE KEYS */;
UNLOCK TABLES;

--
-- Table structure for table `questionscore`
--

DROP TABLE IF EXISTS `questionscore`;
/*!40101 SET @saved_cs_client     = @@character_set_client */;
/*!40101 SET character_set_client = utf8 */;
CREATE TABLE `questionscore` (
  `id` int(10) unsigned NOT NULL AUTO_INCREMENT,
  `answer` text NOT NULL,
  `late_answer` tinyint(4) NOT NULL DEFAULT 0,
  `playerround_id` int(10) unsigned NOT NULL,
  `question_id` int(10) unsigned NOT NULL,
  PRIMARY KEY (`id`),
  UNIQUE KEY `id_UNIQUE` (`id`),
  UNIQUE KEY `id_playerround_question` (`playerround_id`,`question_id`),
  KEY `fk_questionscore_playerround1_idx` (`playerround_id`),
  KEY `fk_questionscore_question1_idx` (`question_id`),
  CONSTRAINT `fk_questionscore_playerround1` FOREIGN KEY (`playerround_id`) REFERENCES `playerround` (`id`) ON DELETE NO ACTION ON UPDATE NO ACTION,
  CONSTRAINT `fk_questionscore_question1` FOREIGN KEY (`question_id`) REFERENCES `question` (`id`) ON DELETE NO ACTION ON UPDATE NO ACTION
) ENGINE=InnoDB AUTO_INCREMENT=537 DEFAULT CHARSET=utf8mb4 COLLATE=utf8mb4_general_ci;
/*!40101 SET character_set_client = @saved_cs_client */;

--
-- Dumping data for table `questionscore`
--

LOCK TABLES `questionscore` WRITE;
/*!40000 ALTER TABLE `questionscore` DISABLE KEYS */;
INSERT INTO `questionscore` VALUES (12,'1',0,124,3),(13,'3',0,124,4),(14,'5',0,121,3),(15,'2',0,121,4),(16,'2',0,125,3),(17,'4',0,125,4),(18,'2',0,127,3),(19,'3',0,127,4),(20,'1',0,129,3),(21,'3',0,129,4),(22,'3',0,131,3),(23,'3',0,131,4),(24,'1',0,152,3),(25,'3',0,152,4),(26,'3',1,134,3),(27,'3',1,134,4),(28,'3',1,137,3),(29,'3',1,137,4),(30,'3',0,158,1),(31,'3',0,158,2),(32,'2',0,159,1),(33,'2',0,159,2),(34,'2',0,161,1),(35,'4',0,161,2),(36,'3',0,162,1),(37,'4',0,162,2),(38,'2',0,165,1),(39,'2',0,165,2),(40,'3',1,172,1),(41,'4',1,172,2),(42,'2',0,173,1),(43,'2',0,173,2),(58,'4',1,133,3),(59,'3',1,133,4),(60,'1',0,206,1),(61,'5',0,206,2),(62,'1',0,199,1),(63,'4',0,199,2),(64,'3',0,207,1),(65,'4',0,207,2),(66,'3',0,209,1),(67,'4',0,209,2),(68,'3',0,205,1),(69,'4',0,205,2),(70,'1',0,208,1),(71,'4',0,208,2),(72,'1',0,202,1),(73,'4',0,202,2),(74,'4',0,203,1),(75,'3',0,203,2),(76,'3',0,200,1),(77,'4',0,200,2),(78,'4',0,201,1),(79,'3',0,201,2),(80,'1',0,204,1),(81,'3',0,204,2),(82,'3',0,211,1),(83,'4',0,211,2),(84,'3',0,212,1),(85,'2',0,212,2),(86,'1',0,214,1),(87,'5',0,214,2),(88,'1',0,213,1),(89,'5',0,213,2),(90,'3',0,217,1),(91,'2',0,217,2),(92,'5',0,215,1),(93,'1',0,215,2),(94,'2',0,216,1),(95,'4',0,216,2),(96,'3',0,222,1),(97,'3',0,222,2),(98,'4',0,221,1),(99,'3',0,221,2),(100,'4',0,223,1),(101,'4',0,223,2),(102,'1',0,219,1),(103,'4',0,219,2),(104,'1',0,218,1),(105,'4',0,218,2),(106,'1',0,220,1),(107,'3',0,220,2),(108,'3',0,232,1),(109,'3',0,232,2),(110,'3',0,231,1),(111,'3',0,231,2),(112,'1',0,233,1),(113,'4',0,233,2),(114,'1',0,230,1),(115,'3',0,230,2),(116,'2',0,235,1),(117,'4',0,235,2),(118,'2',0,234,1),(119,'4',0,234,2),(120,'2',0,225,1),(121,'2',0,225,2),(122,'2',0,226,1),(123,'2',0,226,2),(124,'2',0,224,1),(125,'2',0,224,2),(126,'1',0,227,1),(127,'5',0,227,2),(128,'1',1,229,1),(129,'4',1,229,2),(130,'2',1,228,1),(131,'4',1,228,2),(132,'4',0,240,1),(133,'3',0,240,2),(134,'3',0,236,1),(135,'3',0,236,2),(136,'1',0,237,1),(137,'3',0,237,2),(138,'1',0,241,1),(139,'4',0,241,2),(140,'1',0,238,1),(141,'4',0,238,2),(142,'4',0,239,1),(143,'3',0,239,2),(144,'2',0,242,1),(145,'2',0,242,2),(146,'2',0,246,1),(147,'4',0,246,2),(148,'1',0,243,1),(149,'5',0,243,2),(150,'5',0,244,1),(151,'5',0,244,2),(152,'1',0,245,1),(153,'2',0,245,2),(154,'1',1,247,1),(155,'4',1,247,2),(168,'1',1,284,3),(169,'2',1,284,4),(170,'3',0,291,3),(171,'4',0,291,4),(172,'1',0,290,3),(173,'4',0,290,4),(174,'4',0,292,3),(175,'2',0,292,4),(176,'3',1,289,3),(177,'4',1,289,4),(178,'4',0,293,3),(179,'2',0,293,4),(180,'1',0,295,3),(181,'5',0,295,4),(182,'2',0,294,3),(183,'4',0,294,4),(184,'1',0,296,3),(185,'1',0,296,4),(186,'3',0,300,3),(187,'4',0,300,4),(188,'1',0,298,3),(189,'2',0,298,4),(190,'4',0,297,3),(191,'2',0,297,4),(192,'3',0,299,3),(193,'2',0,299,4),(194,'2',0,303,3),(195,'3',0,303,4),(196,'1',0,302,3),(197,'5',0,302,4),(198,'5',0,301,3),(199,'1',0,301,4),(200,'2',0,304,3),(201,'3',0,304,4),(210,'2',0,372,21),(211,'2',0,372,22),(212,'5',0,373,21),(213,'3',0,373,22),(214,'2',0,374,21),(215,'2',0,374,22),(216,'4',0,370,21),(217,'2',0,370,22),(218,'2',0,371,21),(219,'2',0,371,22),(220,'3',0,369,21),(221,'2',0,369,22),(222,'2',0,367,21),(223,'1',0,367,22),(224,'2',0,360,21),(225,'2',0,360,22),(226,'4',0,361,21),(227,'3',0,361,22),(228,'2',0,365,21),(229,'2',0,365,22),(230,'2',0,355,21),(231,'1',0,355,22),(232,'3',0,364,21),(233,'3',0,364,22),(234,'1',0,363,21),(235,'2',0,363,22),(236,'3',0,397,21),(237,'3',0,397,22),(238,'3',0,386,21),(239,'3',0,386,22),(240,'2',0,385,21),(241,'4',0,385,22),(242,'3',0,395,21),(243,'2',0,395,22),(244,'2',0,398,21),(245,'2',0,398,22),(246,'2',0,394,21),(247,'2',0,394,22),(248,'2',0,399,21),(249,'1',0,399,22),(250,'4',0,400,21),(251,'2',0,400,22),(252,'1',0,403,21),(253,'1',0,403,22),(254,'3',0,404,21),(255,'2',0,404,22),(256,'1',0,388,21),(257,'2',0,388,22),(258,'2',0,402,21),(259,'3',0,402,22),(260,'4',0,401,21),(261,'2',0,401,22),(262,'3',0,409,21),(263,'3',0,409,22),(264,'2',0,411,21),(265,'2',0,411,22),(266,'5',0,408,21),(267,'4',0,408,22),(268,'4',0,412,21),(269,'3',0,412,22),(270,'3',0,407,21),(271,'3',0,407,22),(272,'5',0,410,21),(273,'3',0,410,22),(274,'5',0,406,21),(275,'2',0,406,22),(276,'2',0,391,21),(277,'2',0,391,22),(278,'5',0,389,21),(279,'4',0,389,22),(282,'3',0,396,21),(283,'1',0,396,22),(284,'3',0,390,21),(285,'2',0,390,22),(290,'1',0,393,21),(291,'4',0,393,22),(292,'5',0,392,21),(293,'1',0,392,22),(300,'4',0,414,21),(301,'5',0,414,22),(302,'3',0,415,21),(303,'2',0,415,22),(304,'2',0,419,21),(305,'1',0,419,22),(306,'1',0,413,21),(307,'1',0,413,22),(308,'3',0,417,21),(309,'2',0,417,22),(310,'3',0,416,21),(311,'3',0,416,22),(312,'1',0,418,21),(313,'2',0,418,22),(314,'2',0,421,21),(315,'1',0,421,22),(316,'4',0,424,21),(317,'2',0,424,22),(318,'5',0,420,21),(319,'3',0,420,22),(320,'1',0,423,21),(321,'3',0,423,22),(322,'1',0,422,21),(323,'1',0,422,22),(324,'2',0,425,21),(325,'3',0,425,22),(326,'4',0,429,21),(327,'3',0,429,22),(328,'2',0,428,21),(329,'3',0,428,22),(330,'4',0,431,21),(331,'4',0,431,22),(332,'5',0,430,21),(333,'5',0,430,22),(334,'1',0,426,21),(335,'3',0,426,22),(336,'4',0,427,21),(337,'3',0,427,22),(338,'4',0,437,21),(339,'3',0,437,22),(340,'2',0,436,21),(341,'2',0,436,22),(342,'2',0,438,21),(343,'2',0,438,22),(344,'4',0,434,21),(345,'4',0,434,22),(346,'3',0,435,21),(347,'2',0,435,22),(348,'1',0,454,21),(349,'1',0,454,22),(350,'3',0,457,21),(351,'2',0,457,22),(352,'5',0,458,21),(353,'5',0,458,22),(354,'5',0,455,21),(355,'5',0,455,22),(356,'4',0,456,21),(357,'4',0,456,22),(358,'2',0,453,21),(359,'3',0,453,22),(360,'1',0,432,21),(361,'2',0,432,22),(362,'3',0,433,21),(363,'2',0,433,22),(364,'4',0,464,21),(365,'3',0,464,22),(366,'2',0,463,21),(367,'2',0,463,22),(368,'5',0,461,21),(369,'5',0,461,22),(370,'1',0,460,21),(371,'1',0,460,22),(372,'2',0,462,21),(373,'3',0,462,22),(374,'4',0,459,21),(375,'4',0,459,22),(376,'5',0,447,21),(377,'2',0,447,22),(378,'2',0,452,21),(379,'1',0,452,22),(380,'1',0,448,21),(381,'1',0,448,22),(382,'3',0,449,21),(383,'3',0,449,22),(384,'3',0,440,21),(385,'1',0,440,22),(386,'5',0,445,21),(387,'4',0,445,22),(388,'3',0,444,21),(389,'3',0,444,22),(390,'4',0,442,21),(391,'3',0,442,22),(392,'2',0,441,21),(393,'2',0,441,22),(394,'1',0,443,21),(395,'2',0,443,22),(396,'1',0,450,21),(397,'2',0,450,22),(398,'1',0,439,21),(399,'5',0,439,22),(400,'2',0,446,21),(401,'2',0,446,22),(402,'1',0,451,21),(403,'1',0,451,22),(404,'3',0,477,21),(405,'3',0,477,22),(406,'4',0,482,21),(407,'4',0,482,22),(408,'1',0,481,21),(409,'1',0,481,22),(410,'4',0,480,21),(411,'4',0,480,22),(412,'2',0,483,21),(413,'2',0,483,22),(414,'2',0,478,21),(415,'3',0,478,22),(416,'4',0,475,21),(417,'2',0,475,22),(418,'2',0,479,21),(419,'2',0,479,22),(420,'3',0,471,21),(421,'1',0,471,22),(422,'3',0,474,21),(423,'3',0,474,22),(424,'3',0,473,21),(425,'2',0,473,22),(426,'4',0,472,21),(427,'2',0,472,22),(428,'4',0,476,21),(429,'1',0,476,22),(430,'4',0,489,21),(431,'5',0,489,22),(432,'5',0,487,21),(433,'5',0,487,22),(434,'1',0,486,21),(435,'1',0,486,22),(436,'3',0,484,21),(437,'5',0,484,22),(438,'1',0,485,21),(439,'1',0,485,22),(440,'4',0,488,21),(441,'2',0,488,22),(442,'1',0,491,21),(443,'1',0,491,22),(444,'2',0,490,21),(445,'3',0,490,22),(446,'3',0,495,21),(447,'2',0,495,22),(448,'3',0,492,21),(449,'3',0,492,22),(450,'2',0,493,21),(451,'2',0,493,22),(452,'3',0,496,21),(453,'3',0,496,22),(454,'3',0,499,21),(455,'3',0,499,22),(456,'2',0,502,21),(457,'1',0,502,22),(458,'1',0,494,21),(459,'1',0,494,22),(460,'1',0,498,21),(461,'2',0,498,22),(462,'1',0,497,21),(463,'1',0,497,22),(464,'2',0,503,21),(465,'2',0,503,22),(466,'1',0,500,21),(467,'1',0,500,22),(468,'5',0,501,21),(469,'5',0,501,22),(470,'3',0,512,21),(471,'1',0,512,22),(472,'2',0,516,21),(473,'2',0,516,22),(474,'4',0,515,21),(475,'2',0,515,22),(476,'3',0,511,21),(477,'3',0,511,22),(478,'4',0,514,21),(479,'2',0,514,22),(480,'2',0,513,21),(481,'2',0,513,22),(482,'5',0,507,21),(483,'5',0,507,22),(484,'1',0,505,21),(485,'1',0,505,22),(486,'3',0,508,21),(487,'3',0,508,22),(488,'4',0,510,21),(489,'5',0,510,22),(490,'2',0,504,21),(491,'2',0,504,22),(492,'2',0,506,21),(493,'2',0,506,22),(494,'3',0,517,21),(495,'3',0,517,22),(496,'1',0,519,21),(497,'2',0,519,22),(498,'3',0,521,21),(499,'2',0,521,22),(500,'3',0,522,21),(501,'2',0,522,22),(502,'1',0,520,21),(503,'1',0,520,22),(504,'1',0,523,21),(505,'1',0,523,22),(506,'3',0,518,21),(507,'3',0,518,22),(509,'3',0,509,21),(510,'3',0,509,22),(511,'4',0,528,21),(512,'2',0,528,22),(513,'3',0,527,21),(514,'3',0,527,22),(515,'2',0,526,21),(516,'2',0,526,22),(517,'2',0,529,21),(518,'2',0,529,22),(519,'3',0,525,21),(520,'1',0,525,22),(521,'4',0,524,21),(522,'2',0,524,22);
/*!40000 ALTER TABLE `questionscore` ENABLE KEYS */;
UNLOCK TABLES;

--
-- Table structure for table `scenario`
--

DROP TABLE IF EXISTS `scenario`;
/*!40101 SET @saved_cs_client     = @@character_set_client */;
/*!40101 SET character_set_client = utf8 */;
CREATE TABLE `scenario` (
  `id` int(10) unsigned NOT NULL AUTO_INCREMENT,
  `name` varchar(45) NOT NULL,
  `information_amount` int(11) NOT NULL,
  `minimum_players` int(10) unsigned NOT NULL DEFAULT 6,
  `maximum_players` int(10) unsigned NOT NULL DEFAULT 8,
  `highest_round_number` int(10) unsigned NOT NULL DEFAULT 5,
  `scenarioparameters_id` int(10) unsigned NOT NULL,
  `gameversion_id` int(10) unsigned NOT NULL,
  `description` text DEFAULT NULL,
  PRIMARY KEY (`id`),
  UNIQUE KEY `id_UNIQUE` (`id`),
  KEY `fk_scenario_scenarioparameters1_idx` (`scenarioparameters_id`),
  KEY `fk_scenario_gameversion1_idx` (`gameversion_id`),
  CONSTRAINT `fk_scenario_gameversion1` FOREIGN KEY (`gameversion_id`) REFERENCES `gameversion` (`id`) ON DELETE NO ACTION ON UPDATE NO ACTION,
  CONSTRAINT `fk_scenario_scenarioparameters1` FOREIGN KEY (`scenarioparameters_id`) REFERENCES `scenarioparameters` (`id`) ON DELETE NO ACTION ON UPDATE NO ACTION
) ENGINE=InnoDB AUTO_INCREMENT=17 DEFAULT CHARSET=utf8mb4 COLLATE=utf8mb4_general_ci;
/*!40101 SET character_set_client = @saved_cs_client */;

--
-- Dumping data for table `scenario`
--

LOCK TABLES `scenario` WRITE;
/*!40000 ALTER TABLE `scenario` DISABLE KEYS */;
INSERT INTO `scenario` VALUES (3,'With Info',1,6,8,5,1,3,NULL),(4,'Without Info',0,6,8,5,1,3,NULL),(11,'Met informatie',1,6,8,5,7,5,NULL),(12,'Zonder informatie',0,6,8,5,7,5,NULL),(13,'With Info',1,6,8,4,1,7,NULL),(14,'Without Info',0,6,8,4,1,7,NULL),(15,'With Info',1,6,8,4,1,8,NULL),(16,'Without Info',0,6,8,4,1,8,NULL);
/*!40000 ALTER TABLE `scenario` ENABLE KEYS */;
UNLOCK TABLES;

--
-- Table structure for table `scenarioparameters`
--

DROP TABLE IF EXISTS `scenarioparameters`;
/*!40101 SET @saved_cs_client     = @@character_set_client */;
/*!40101 SET character_set_client = utf8 */;
CREATE TABLE `scenarioparameters` (
  `id` int(10) unsigned NOT NULL AUTO_INCREMENT,
  `name` varchar(255) NOT NULL,
  `pluvial_repair_costs_per_damage_point` int(10) unsigned NOT NULL DEFAULT 0,
  `fluvial_repair_costs_per_damage_point` int(10) unsigned NOT NULL DEFAULT 0,
  `pluvial_satisfaction_penalty_if_area_flooded` int(10) unsigned NOT NULL DEFAULT 0,
  `pluvial_repair_costs_fixed` int(10) unsigned NOT NULL DEFAULT 0,
  `fluvial_repair_costs_fixed` int(10) unsigned NOT NULL DEFAULT 0,
  `fluvial_satisfaction_penalty_if_area_flooded` int(10) unsigned NOT NULL DEFAULT 0,
  `pluvial_satisfaction_penalty_house_flooded_fixed` int(10) unsigned NOT NULL DEFAULT 0,
  `fluvial_satisfaction_penalty_house_flooded_fixed` int(10) unsigned NOT NULL DEFAULT 0,
  `pluvial_satisfaction_penalty_per_damage_point` int(10) unsigned NOT NULL DEFAULT 0,
  `fluvial_satisfaction_penalty_per_damage_point` int(10) unsigned NOT NULL DEFAULT 0,
  `satisfaction_debt_penalty` int(10) unsigned NOT NULL DEFAULT 0,
  `satisfaction_house_rating_too_low_fixed` int(10) unsigned NOT NULL DEFAULT 0,
  `satisfaction_house_rating_too_low_per_delta` int(10) unsigned NOT NULL DEFAULT 0,
  `satisfaction_house_rating_per_round` tinyint(3) unsigned NOT NULL DEFAULT 0,
  `satisfaction_move_penalty` int(10) unsigned NOT NULL DEFAULT 0,
  `mortgage_percentage` float unsigned NOT NULL DEFAULT 10,
  `allow_personal_satisfaction_neg` tinyint(4) NOT NULL DEFAULT 0,
  `allow_house_satisfaction_neg` tinyint(4) NOT NULL DEFAULT 0,
  `allow_total_satisfaction_neg` tinyint(4) NOT NULL DEFAULT 0,
  `highest_pluvial_score` int(10) unsigned NOT NULL DEFAULT 10,
  `highest_fluvial_score` int(10) unsigned NOT NULL DEFAULT 12,
  `news_discount_in_euros` tinyint(4) NOT NULL DEFAULT 1,
  `default_language_id` int(10) unsigned NOT NULL,
  PRIMARY KEY (`id`),
  UNIQUE KEY `Id_UNIQUE` (`id`),
  UNIQUE KEY `name_UNIQUE` (`name`),
  KEY `fk_scenarioparameters_language1_idx` (`default_language_id`),
  CONSTRAINT `fk_scenarioparameters_language1` FOREIGN KEY (`default_language_id`) REFERENCES `language` (`id`) ON DELETE NO ACTION ON UPDATE NO ACTION
) ENGINE=InnoDB AUTO_INCREMENT=8 DEFAULT CHARSET=utf8mb4 COLLATE=utf8mb4_general_ci;
/*!40101 SET character_set_client = @saved_cs_client */;

--
-- Dumping data for table `scenarioparameters`
--

LOCK TABLES `scenarioparameters` WRITE;
/*!40000 ALTER TABLE `scenarioparameters` DISABLE KEYS */;
INSERT INTO `scenarioparameters` VALUES (1,'Standard params EN',0,4000,0,4000,0,1,1,0,0,1,1,1,0,0,1,10,1,1,1,10,12,1,1),(7,'Standard params NL',0,4000,0,4000,0,1,1,0,0,1,1,1,0,0,1,10,0,0,0,10,12,1,2);
/*!40000 ALTER TABLE `scenarioparameters` ENABLE KEYS */;
UNLOCK TABLES;

--
-- Table structure for table `tax`
--

DROP TABLE IF EXISTS `tax`;
/*!40101 SET @saved_cs_client     = @@character_set_client */;
/*!40101 SET character_set_client = utf8 */;
CREATE TABLE `tax` (
  `id` int(10) unsigned NOT NULL AUTO_INCREMENT,
  `name` varchar(45) NOT NULL,
  `minimum_inhabitants` int(10) unsigned NOT NULL,
  `maximum_inhabitants` int(10) unsigned NOT NULL,
  `tax_cost` float unsigned NOT NULL,
  `community_id` int(10) unsigned NOT NULL,
  PRIMARY KEY (`id`),
  UNIQUE KEY `id_UNIQUE` (`id`),
  KEY `fk_tax_community1_idx` (`community_id`),
  CONSTRAINT `fk_tax_community1` FOREIGN KEY (`community_id`) REFERENCES `community` (`id`) ON DELETE NO ACTION ON UPDATE NO ACTION
) ENGINE=InnoDB AUTO_INCREMENT=56 DEFAULT CHARSET=utf8mb4 COLLATE=utf8mb4_general_ci;
/*!40101 SET character_set_client = @saved_cs_client */;

--
-- Dumping data for table `tax`
--

LOCK TABLES `tax` WRITE;
/*!40000 ALTER TABLE `tax` DISABLE KEYS */;
INSERT INTO `tax` VALUES (11,'Tax1-2',1,2,20000,8),(12,'Tax3-4',3,4,15000,8),(13,'Tax5-10',5,10,25000,8),(14,'Tax1-2',1,2,20000,7),(15,'Tax3',3,3,15000,7),(16,'Tax4-7',4,7,25000,7),(17,'Tax1-2',1,2,20000,9),(18,'Tax3-4',3,4,15000,9),(19,'Tax5-10',5,10,25000,9),(29,'Tax1-2',1,2,20000,13),(30,'Tax3',3,3,15000,13),(31,'Tax4-7',4,7,25000,13),(32,'Tax1-2',1,2,20000,14),(33,'Tax3-4',3,4,15000,14),(34,'Tax5-10',5,10,25000,14),(35,'Tax1-2',1,2,20000,15),(36,'Tax3-4',3,4,15000,15),(37,'Tax5-10',5,10,25000,15),(38,'Tax1-2',1,2,20000,16),(39,'Tax3',3,3,15000,16),(40,'Tax4-7',4,7,25000,16),(41,'Tax1-2',1,2,20000,17),(42,'Tax3-4',3,4,15000,17),(43,'Tax5-10',5,10,25000,17),(44,'Tax1-2',1,2,20000,18),(45,'Tax3-4',3,4,15000,18),(46,'Tax5-10',5,10,25000,18),(47,'Tax1-2',1,2,20000,19),(48,'Tax3',3,3,15000,19),(49,'Tax4-7',4,7,25000,19),(50,'Tax1-2',1,2,20000,20),(51,'Tax3-4',3,4,15000,20),(52,'Tax5-10',5,10,25000,20),(53,'Tax1-2',1,2,20000,21),(54,'Tax3-4',3,4,15000,21),(55,'Tax5-10',5,10,25000,21);
/*!40000 ALTER TABLE `tax` ENABLE KEYS */;
UNLOCK TABLES;

--
-- Table structure for table `user`
--

DROP TABLE IF EXISTS `user`;
/*!40101 SET @saved_cs_client     = @@character_set_client */;
/*!40101 SET character_set_client = utf8 */;
CREATE TABLE `user` (
  `id` int(10) unsigned NOT NULL AUTO_INCREMENT,
  `username` varchar(16) NOT NULL,
  `email` varchar(255) DEFAULT NULL,
  `password` varchar(32) NOT NULL,
  `create_time` timestamp NULL DEFAULT current_timestamp(),
  `administrator` tinyint(4) NOT NULL DEFAULT 0,
  PRIMARY KEY (`id`),
  UNIQUE KEY `id_UNIQUE` (`id`),
  UNIQUE KEY `username_UNIQUE` (`username`)
) ENGINE=InnoDB AUTO_INCREMENT=17 DEFAULT CHARSET=utf8mb4 COLLATE=utf8mb4_general_ci;
/*!40101 SET character_set_client = @saved_cs_client */;

--
-- Dumping data for table `user`
--

LOCK TABLES `user` WRITE;
/*!40000 ALTER TABLE `user` DISABLE KEYS */;
INSERT INTO `user` VALUES (4,'juliette','V.J.CortesArevalo@tudelft.nl','juliette#','2023-10-06 21:09:02',1),(5,'alexander','a.verbraeck@tudelft.nl','alexander#','2023-10-06 21:09:20',1),(7,'fac1','','fac1','2023-11-19 14:12:10',0),(8,'fac2','','fac2','2023-11-19 14:12:18',0),(9,'fac3','','fac3','2023-11-19 14:12:26',0),(10,'fac4','','fac4','2023-11-19 14:12:32',0),(11,'fac5','','fac5','2023-11-19 14:12:40',0),(13,'fac6','','fac6','2023-11-19 14:12:58',0),(14,'fac7','','fac7','2023-11-19 14:13:05',0),(15,'fac8','','fac8','2023-11-19 14:13:13',0),(16,'thomas',NULL,'thomas#','2024-03-26 11:56:29',1);
/*!40000 ALTER TABLE `user` ENABLE KEYS */;
UNLOCK TABLES;

--
-- Table structure for table `welfaretype`
--

DROP TABLE IF EXISTS `welfaretype`;
/*!40101 SET @saved_cs_client     = @@character_set_client */;
/*!40101 SET character_set_client = utf8 */;
CREATE TABLE `welfaretype` (
  `id` int(10) unsigned NOT NULL AUTO_INCREMENT,
  `name` varchar(255) NOT NULL,
  `initial_satisfaction` int(10) unsigned NOT NULL,
  `initial_money` int(10) unsigned NOT NULL,
  `maximum_mortgage` int(10) unsigned NOT NULL,
  `living_costs` int(10) unsigned NOT NULL,
  `round_income` int(10) unsigned NOT NULL,
  `satisfaction_cost_per_point` int(10) unsigned NOT NULL,
  `preferred_house_rating` int(10) unsigned NOT NULL,
  `scenario_id` int(10) unsigned NOT NULL,
  PRIMARY KEY (`id`),
  UNIQUE KEY `id_UNIQUE` (`id`),
  KEY `fk_welfaretype_scenario1_idx` (`scenario_id`),
  CONSTRAINT `fk_welfaretype_scenario1` FOREIGN KEY (`scenario_id`) REFERENCES `scenario` (`id`) ON DELETE NO ACTION ON UPDATE NO ACTION
) ENGINE=InnoDB AUTO_INCREMENT=93 DEFAULT CHARSET=utf8mb4 COLLATE=utf8mb4_general_ci;
/*!40101 SET character_set_client = @saved_cs_client */;

--
-- Dumping data for table `welfaretype`
--

LOCK TABLES `welfaretype` WRITE;
/*!40000 ALTER TABLE `welfaretype` DISABLE KEYS */;
INSERT INTO `welfaretype` VALUES (8,'Welfare 050',5,0,80000,20000,50000,4000,3,3),(9,'Welfare 065',5,5000,110000,30000,65000,6000,4,3),(10,'Welfare 080',5,15000,130000,40000,80000,8000,5,3),(11,'Welfare 100',5,30000,170000,50000,100000,10000,6,3),(12,'Welfare 120',5,50000,200000,65000,120000,13000,7,3),(13,'Welfare 180',5,80000,300000,105000,180000,21000,8,3),(14,'Welfare 050',5,0,80000,20000,50000,4000,3,4),(15,'Welfare 065',5,5000,110000,30000,65000,6000,4,4),(16,'Welfare 080',5,15000,130000,40000,80000,8000,5,4),(17,'Welfare 100',5,30000,170000,50000,100000,10000,6,4),(18,'Welfare 120',5,50000,200000,65000,120000,13000,7,4),(19,'Welfare 180',5,80000,300000,105000,180000,21000,8,4),(56,'Welfare 050',5,0,80000,20000,50000,4000,3,11),(57,'Welfare 065',5,5000,110000,30000,65000,6000,4,11),(58,'Welfare 080',5,15000,130000,40000,80000,8000,5,11),(59,'Welfare 100',5,30000,170000,50000,100000,10000,6,11),(60,'Welfare 120',5,50000,200000,65000,120000,13000,7,11),(61,'Welfare 180',5,80000,300000,105000,180000,21000,8,11),(62,'Welfare 050',5,0,80000,20000,50000,4000,3,12),(63,'Welfare 065',5,5000,110000,30000,65000,6000,4,12),(64,'Welfare 080',5,15000,130000,40000,80000,8000,5,12),(65,'Welfare 100',5,30000,170000,50000,100000,10000,6,12),(66,'Welfare 120',5,50000,200000,65000,120000,13000,7,12),(67,'Welfare 180',5,80000,300000,105000,180000,21000,8,12),(69,'Welfare 050',5,0,80000,20000,50000,4000,3,13),(70,'Welfare 065',5,5000,110000,30000,65000,6000,4,13),(71,'Welfare 080',5,15000,130000,40000,80000,8000,5,13),(72,'Welfare 100',5,30000,170000,50000,100000,10000,6,13),(73,'Welfare 120',5,50000,200000,65000,120000,13000,7,13),(74,'Welfare 180',5,80000,300000,105000,180000,21000,8,13),(75,'Welfare 050',5,0,80000,20000,50000,4000,3,14),(76,'Welfare 065',5,5000,110000,30000,65000,6000,4,14),(77,'Welfare 080',5,15000,130000,40000,80000,8000,5,14),(78,'Welfare 100',5,30000,170000,50000,100000,10000,6,14),(79,'Welfare 120',5,50000,200000,65000,120000,13000,7,14),(80,'Welfare 180',5,80000,300000,105000,180000,21000,8,14),(81,'Welfare 050',5,0,80000,20000,50000,4000,3,15),(82,'Welfare 065',5,5000,110000,30000,65000,6000,4,15),(83,'Welfare 080',5,15000,130000,40000,80000,8000,5,15),(84,'Welfare 100',5,30000,170000,50000,100000,10000,6,15),(85,'Welfare 120',5,50000,200000,65000,120000,13000,7,15),(86,'Welfare 180',5,80000,300000,105000,180000,21000,8,15),(87,'Welfare 050',5,0,80000,20000,50000,4000,3,16),(88,'Welfare 065',5,5000,110000,30000,65000,6000,4,16),(89,'Welfare 080',5,15000,130000,40000,80000,8000,5,16),(90,'Welfare 100',5,30000,170000,50000,100000,10000,6,16),(91,'Welfare 120',5,50000,200000,65000,120000,13000,7,16),(92,'Welfare 180',5,80000,300000,105000,180000,21000,8,16);
/*!40000 ALTER TABLE `welfaretype` ENABLE KEYS */;
UNLOCK TABLES;
/*!40103 SET TIME_ZONE=@OLD_TIME_ZONE */;

/*!40101 SET SQL_MODE=@OLD_SQL_MODE */;
/*!40014 SET FOREIGN_KEY_CHECKS=@OLD_FOREIGN_KEY_CHECKS */;
/*!40014 SET UNIQUE_CHECKS=@OLD_UNIQUE_CHECKS */;
/*!40101 SET CHARACTER_SET_CLIENT=@OLD_CHARACTER_SET_CLIENT */;
/*!40101 SET CHARACTER_SET_RESULTS=@OLD_CHARACTER_SET_RESULTS */;
/*!40101 SET COLLATION_CONNECTION=@OLD_COLLATION_CONNECTION */;
/*!40111 SET SQL_NOTES=@OLD_SQL_NOTES */;

-- Dump completed on 2024-09-21 19:14:49
